Id,Name,Caption__c,DynamicOperationType__c,DynamicOperation__c,Hidden__c,Hint__c,Parent__c,Position__c,RepeatSourceValue__c,Required__c,SurveyVersion__c,Test_Dynamic_Operations__c,Type__c
a0R8Y00000qxo27UAA,country,Country,Calculation,"tw.drill_down.country.value = ""DRC2"" ;",True,,a0R8Y00000qxoNkUAI,21,,True,a0e8Y00000IZYo5QAH,False,radio
a0R8Y00000qxo28UAA,is_first_visit_calculation,Is First Visit? - Calculation,Calculation,"if ( tw.drill_down.is_available_pulled_down.value == null ) 
{ tw.drill_down.is_first_visit_calculation.value = ""True2"" ; }

else { tw.drill_down.is_first_visit_calculation.value = ""False2"" ; }",False,,a0R8Y00000qxoNkUAI,22,,True,a0e8Y00000IZYo5QAH,False,radio
a0R8Y00000qxo29UAA,is_nah_revisit_calculation,Is NAH Re-visit? - Calculation,Calculation,"if ( tw.drill_down.nah_revisit_workflow_pulled_down.value == ""true"" ) { tw.drill_down.is_nah_revisit_calculation.value = ""True2"" ; } 

else { tw.drill_down.is_nah_revisit_calculation.value = ""False2"" ; }",True,,a0R8Y00000qxoNkUAI,23,,True,a0e8Y00000IZYo5QAH,False,radio
a0R8Y00000qxo2AUAQ,is_at_home_revisit_calculation,Is At Home Re-visit? - Calculation,Calculation,"if ( tw.drill_down.is_first_visit_calculation.value == ""False2"" &amp;&amp; tw.drill_down.is_nah_revisit_calculation.value == ""False2"" ) 

{ tw.drill_down.is_at_home_revisit_calculation.value = ""True2"" ; } 


else { tw.drill_down.is_at_home_revisit_calculation.value = ""False2"" ; }",True,,a0R8Y00000qxoNkUAI,24,,True,a0e8Y00000IZYo5QAH,False,radio
a0R8Y00000qxo2BUAQ,should_s3_show,Should Participation & Consent Show in Revisit? - Calculation,Calculation,"if ( tw.drill_down.is_available_pulled_down.value === null || tw.drill_down.is_available_pulled_down.value === 'null' )
{ tw.drill_down.should_s3_show.value = ""True"" ; }

else if ( tw.drill_down.is_18_available_pulled_down.value === null || tw.drill_down.is_18_available_pulled_down.value === 'null' || tw.drill_down.is_there_someone_else_18_pulled_down.value == ""Oui [Ndiyo]"") 
{ tw.drill_down.should_s3_show.value = ""True"" ; }

else if ( tw.drill_down.is_family_member_or_renter_pulled_down.value == ""Aucune personne présente n'est un membre de la famille ou un locataire [Hakuna memba wa familia au mpagaji hii ao mpangaji katika nyumba hii]"" ) 
{ tw.drill_down.should_s3_show.value = ""True"" ; }

else if ( tw.drill_down.nah_revisit_workflow_pulled_down.value == ""True"" &amp;&amp; tw.drill_down.has_youths_pulled_down.value === null )
{ tw.drill_down.should_s3_show.value = ""True"" ; } 

else {tw.drill_down.should_s3_show.value = ""False"" ;}",True,,a0R8Y00000qxoNkUAI,25,,True,a0e8Y00000IZYo5QAH,False,radio
a0R8Y00000qxo2CUAQ,should_s4_show,Should Youth & Docs Presence Show in Revisit? - Calculation,Calculation,"if ( tw.drill_down.is_available_pulled_down.value == null || tw.drill_down.is_18_available_pulled_down.value == null || tw.drill_down.has_youths_pulled_down.value == null) 
{ tw.drill_down.should_s4_show.value = ""True"" ; }

else if ( tw.drill_down.is_nah_revisit_calculation.value == ""True2"" || tw.drill_down.has_youths_pulled_down.value == ""Personne ici présent sait [Hakuna yeyote hapa anajua]"" || tw.drill_down.is_there_someone_else_18_pulled_down.value == ""Oui [Ndiyo]"" )
{tw.drill_down.should_s4_show.value = ""True"" ;}

else {tw.drill_down.should_s4_show.value = ""False"" ;}",True,,a0R8Y00000qxoNkUAI,26,,True,a0e8Y00000IZYo5QAH,False,radio
a0R8Y00000qxo2DUAQ,needs_token_calculation,Needs Token? - Calculation,Calculation,"var tokenIsBlank = tw.drill_down.token_number_pulled_down.value === null || tw.drill_down.token_number_pulled_down.value === '' || tw.drill_down.token_number_pulled_down.value === 'null' ;

if ( !tokenIsBlank ) { tw.locating_the_household.needs_token_calculation.value = ""False"" ; }

else { tw.locating_the_household.needs_token_calculation.value = ""True"" ; }",True,,a0R8Y00000qxoO5UAI,4,,True,a0e8Y00000IZYo5QAH,False,radio
a0R8Y00000qxo2EUAQ,available_yes_no,Y a-t-il quelqu'un à qui parler dans la maison? [Je! Kuna mtu wa kuzungumza naye ndani ya nyumba?],,,False,,a0R8Y00000qxoO5UAI,5,,True,a0e8Y00000IZYo5QAH,False,radio
a0R8Y00000qxo2FUAQ,abandoned_yes_no,La maison semble-t-elle abandonnée? [Je! Nyumba inaonekana yenye watu wame ihama?],,,False,,a0R8Y00000qxoO5UAI,6,,True,a0e8Y00000IZYo5QAH,False,radio
a0R8Y00000qxo2GUAQ,is_there_new_info,Y a-t-il de nouveaux renseignements sur le(s) jeune(s) non recensé(s) dans ce ménage? [Je! Kuna habari zengine kuhusu vijana katika familiya hii?],,,False,,a0R8Y00000qxoO5UAI,8,,True,a0e8Y00000IZYo5QAH,False,radio
a0R8Y00000qxo2HUAQ,should_youth_questionnaire_show_pt_2,Should Youth Questionnaire Show in Revisit? - Calculation,Calculation,"if ( tw.locating_the_household.is_there_new_info.value == ""Non [Hapana]"" || tw.locating_the_household.available_yes_no.value == ""Non [Hapana]"" )

{ tw.locating_the_household.should_youth_questionnaire_show_pt_2.value = ""False"" ; }


else { tw.locating_the_household.should_youth_questionnaire_show_pt_2.value = ""True"" ; }",True,,a0R8Y00000qxoO5UAI,9,,True,a0e8Y00000IZYo5QAH,False,radio
a0R8Y00000qxo2IUAQ,avail_or_new_info,Is Available (First) or New Info (Re-visit)? - Calculation,Calculation,"if ( tw.drill_down.is_first_visit_calculation.value == ""True2"" &amp;&amp; tw.locating_the_household.available_yes_no.value == ""Oui [Ndiyo]"" ) { tw.locating_the_household.avail_or_new_info.value = ""True"" ; }

else if ( tw.drill_down.is_first_visit_calculation.value == ""False2"" &amp;&amp; tw.locating_the_household.is_there_new_info.value == ""Oui [Ndiyo]"" ) { tw.locating_the_household.avail_or_new_info.value = ""True"" ; }

else { tw.locating_the_household.avail_or_new_info.value = ""False"" ; }",True,,a0R8Y00000qxoO5UAI,10,,True,a0e8Y00000IZYo5QAH,False,radio
a0R8Y00000qxo2JUAQ,new_info_at_home,New Info and At Home Revisit? - Calculation,Calculation,"if ( tw.drill_down.is_at_home_revisit_calculation.value == ""True2"" &amp;&amp; tw.locating_the_household.is_there_new_info.value == ""Oui [Ndiyo]"" ) 

{ tw.locating_the_household.new_info_at_home.value = ""True"" ; }

else { tw.locating_the_household.new_info_at_home.value = ""False"" ; }",True,,a0R8Y00000qxoO5UAI,11,,True,a0e8Y00000IZYo5QAH,False,radio
a0R8Y00000qxo2KUAQ,refusing_household_position,Faites-vous partie de ce ménage? [Uko memba wa familia hii?],,,False,,a0R8Y00000qxoO7UAI,2,,True,a0e8Y00000IZYo5QAH,False,radio
a0R8Y00000qxo2LUAQ,family_or_renter_calc,Family or Renter? - Calculation,Calculation,"if (tw.participation_and_consent.refusing_household_position.value == ""Oui [Ndiyo]"")

{ tw.participation_and_consent.family_or_renter_calc.value = ""True"" ; }

else {tw.participation_and_consent.family_or_renter_calc.value = ""False"" ; }",True,,a0R8Y00000qxoO7UAI,3,,True,a0e8Y00000IZYo5QAH,False,radio
a0R8Y00000qxo2MUAQ,above_18_yes_no,Avez-vous 18 ans ou plus? [Je una myaka 18 ao zaidi?],,,False,,a0R8Y00000qxoO7UAI,5,,True,a0e8Y00000IZYo5QAH,False,radio
a0R8Y00000qxo2NUAQ,available_first_visit,Available and First Visit/NAH?,Calculation,"if ( tw.participation_and_consent.refusing_household_position.value == ""Non [Hapana]"" ||  tw.participation_and_consent.above_18_other_later_yes_no.value == ""Oui [Ndiyo]"" )

{ tw.participation_and_consent.available_first_visit.value = ""True"" ; }

else { tw.participation_and_consent.available_first_visit.value = ""False"" ; }",True,,a0R8Y00000qxoO7UAI,6,,True,a0e8Y00000IZYo5QAH,False,radio
a0R8Y00000qxo2OUAQ,above_18_other_later_yes_no,Y a-t-il quelqu'un de 18 ans ou plus dans ce ménage à qui nous pouvons parler à une autre occasion? [Je! Kuna mtu mwingine yeyote zaidi ya 18 au zaidi katika nyumba hii ambaye tunaweza kuzungumza naye tena?],,,False,,a0R8Y00000qxoO7UAI,7,,True,a0e8Y00000IZYo5QAH,False,radio
a0R8Y00000qxo2PUAQ,revisit_time_multi,Quand est-ce qu’une personne de 18 ans ou plus sera-t-elle à la maison pour que nous puissions passer pour une visite? [Je! Ni wakati gani njo mtu wa miaka 18 ama zaidi atakuwa nyumbani ili tuweze kupita kwa matembezi?],Validation,"var noReasonProvided = tw.participation_and_consent.revisit_time_multi.value.contains(""Je ne sais pas [Sijui]""); 

var otherReasonProvided = tw.participation_and_consent.revisit_time_multi.value.contains(""Matin en semaine [Asubuyi siku la juma]"") || tw.participation_and_consent.revisit_time_multi.value.contains(""Après-midi en semaine [Kisha mchana siku la juma]"") || tw.participation_and_consent.revisit_time_multi.value.contains(""Samedi matin [Jumamosi asubuyi]"") || tw.participation_and_consent.revisit_time_multi.value.contains(""Samedi après-midi [Jumamosi kisha mchana]"") || tw.participation_and_consent.revisit_time_multi.value.contains(""Dimanche matin [Jumapili asubuyi]"") || tw.participation_and_consent.revisit_time_multi.value.contains(""Dimanche après-midi [Jumapili kisha mchana]"") || tw.participation_and_consent.revisit_time_multi.value.contains(""A partir d'une date précise (sélectionner dans la question suivante) [Kwa tarehe ijulikanayo (changua ndani ya swali ifuuatao)]"");

if (noReasonProvided &amp;&amp; otherReasonProvided) { throw ""Vous avez sélectionné la réponse Je ne sais pas et une autre reponse! [Ulichagua Sijui na jibu yengine!]""; }",False,,a0R8Y00000qxoO7UAI,8,,True,a0e8Y00000IZYo5QAH,False,checkbox
a0R8Y00000qxo2QUAQ,fo_upfront_security,RÉPONDEZ À CETTE QUESTION EN PRIVÉ: [JIBU BINAFSI:],,,False,,a0R8Y00000qxoO7UAI,10,,True,a0e8Y00000IZYo5QAH,False,radio
a0R8Y00000qxo2RUAQ,fo_upfront_leave_yes_no,RÉPONDEZ À CETTE QUESTION EN PRIVÉ: [JIBU BINAFSI:],,,False,,a0R8Y00000qxoO7UAI,11,,True,a0e8Y00000IZYo5QAH,False,radio
a0R8Y00000qxo2VUAQ,youths_yes_no,Y a-t-il des jeunes nés entre 1994 et 2000 qui vivent dans ce ménage? [Je! Kuna vijana waliozaliwa kati ya 1994 na 2000 ambao wanaishi katika nyumba hii?],,,False,,a0R8Y00000qxoOBUAY,3,,True,a0e8Y00000IZYo5QAH,False,radio
a0R8Y00000qxo2WUAQ,terminate_yes_no,RÉPONDEZ À CETTE QUESTION EN PRIVÉ: [JIBU BINAFSI:],,,False,,a0R8Y00000qxoOBUAY,4,,True,a0e8Y00000IZYo5QAH,False,radio
a0R8Y00000qxo2ZUAQ,is_name_real_name_calculation,Is Name Real Name? - Calculation,Calculation,"if ( tw.youth_data.current.name_pulled_down.value !== null &amp;&amp; tw.youth_data.current.name_pulled_down.value !== ""Unknown"" ) 
{ tw.youth_data.current.is_name_real_name_calculation.value = ""True"" ; }
else { tw.youth_data.current.is_name_real_name_calculation.value = ""False"" ; }",True,,a0R8Y00000qxoOGUAY,4,,True,a0e8Y00000IZYo5QAH,False,radio
a0R8Y00000qxo2SUAQ,refusing_yes_no,Consentez-vous à répondre à nos questions? [Je! Muna Kubali ku jibu kwa maswali zetu?],,,False,,a0R8Y00000qxoO7UAI,13,,True,a0e8Y00000IZYo5QAH,False,radio
a0R8Y00000qxo2TUAQ,refusing_sign_yes_no,"Veuillez s'il vous plaît confirmer par votre signature que vous ne voulez pas répondre à nos questions? [Tafadhali, hakikisha kama hautaki kujibu ma swali zetu?]",,,False,,a0R8Y00000qxoO7UAI,14,,True,a0e8Y00000IZYo5QAH,False,radio
a0R8Y00000qxo2UUAQ,refusing_reason,Quelle est la raison pour laquelle la personne ne souhaite pas participer à l'enquête? [Je! Ni kwanini mtu hataki kushiriki kwenye uchunguzi?],,,False,,a0R8Y00000qxoO7UAI,17,,True,a0e8Y00000IZYo5QAH,False,radio
a0R8Y00000qxo2XUAQ,youth_phone_nah_no_census_yes_no,Avez-vous un numéro de téléphone portable opérationnel auquel nous pouvons vous joindre? [Je! Kuna namba inayotumika kwenye tunaweza kuku ita?],,,False,,a0R8Y00000qxoOBUAY,6,,True,a0e8Y00000IZYo5QAH,False,radio
a0R8Y00000qxo2YUAQ,is_name_unknown_calculation,Is Name Unknown? - Calculation,Calculation,"if ( tw.youth_data.current.name_pulled_down.value == ""Unknown"" ) { tw.youth_data.current.is_name_unknown_calculation.value = ""True"" ; }

else { tw.youth_data.current.is_name_unknown_calculation.value = ""False"" ; }",True,,a0R8Y00000qxoOGUAY,3,,True,a0e8Y00000IZYo5QAH,False,radio
a0R8Y00000qxo2dUAA,twin_yes_no_2,Le jeune est-il un jumeau? [ SWAHILI ],,,False,,a0R8Y00000qxoOGUAY,11,,True,a0e8Y00000IZYo5QAH,False,radio
a0R8Y00000qxo2aUAA,new_info_questionnaire,Est-ce qu'il y a des nouvelles informations à propos de ce jeune? [Je! Kuna habari mpya kuhusu huyu kijana?],,,False,,a0R8Y00000qxoOGUAY,8,,True,a0e8Y00000IZYo5QAH,False,radio
a0R8Y00000qxo2bUAA,in_person_yes_no,Ce ou cette jeune est-il actuellement disponible pour donner des renseignements lui même? [Je! Kijana huyu iko tayari kuzungumza kwa sasa?],,,False,,a0R8Y00000qxoOGUAY,9,,True,a0e8Y00000IZYo5QAH,False,radio
a0R8Y00000qxo2cUAA,youth_gender,"Veuillez indiquer le sexe de ce jeune: [Tafadhali, kijana ni mwanaume ao mwanamuke:]",,,False,,a0R8Y00000qxoOGUAY,10,,True,a0e8Y00000IZYo5QAH,False,radio
a0R8Y00000qxo2eUAA,first_born_yes_no_2,Le jeune est-il le premier né? [ SWAHILI ],,,False,,a0R8Y00000qxoOGUAY,12,,True,a0e8Y00000IZYo5QAH,False,radio
a0R8Y00000qxo2fUAA,preferred_language,Quelle est la langue que le jeune lit couramment? [Je! Kijana ana soma luga gani?],,,False,,a0R8Y00000qxoOGUAY,13,,True,a0e8Y00000IZYo5QAH,False,radio
a0R8Y00000qxo2gUAA,has_youths_carte,Ce jeune possède-t-il une carte d’électeur? [Je! huyu kijana anayo Kadi ya kupiga kura?],,,False,,a0R8Y00000qxoOGUAY,14,,True,a0e8Y00000IZYo5QAH,False,radio
a0R8Y00000qxo2hUAA,youth_consent_yes_no,Acceptez-vous de répondre à quelques questions? [Je! Unakubali kujibu maswali machache?],,,False,,a0R8Y00000qxoOGUAY,16,,True,a0e8Y00000IZYo5QAH,False,radio
a0R8Y00000qxo2iUAA,youth_refusing_reason,Quelle est la principale raison pour laquelle ce jeune refuse de consentir? [Je! Juu ya nini kajana hapendi ku kubali kujibu maulizo?],,,False,,a0R8Y00000qxoOGUAY,18,,True,a0e8Y00000IZYo5QAH,False,radio
a0R8Y00000qxo2jUAA,youth_carte_yes_no,Avez-vous une carte d'électeur? [Je! Unayo Kadi ya kupiga kura?],,,False,,a0R8Y00000qxoOGUAY,20,,True,a0e8Y00000IZYo5QAH,False,radio
a0R8Y00000qxo2tUAA,phone_yes_no,Avez-vous un numéro de téléphone personnel? [Je! Una namba za simu?],,,False,,a0R8Y00000qxoOGUAY,44,,True,a0e8Y00000IZYo5QAH,False,radio
a0R8Y00000qxo2kUAA,no_carte_picklist,Pourquoi le jeune n'a-t-il pas un carte d'electeur? [Kwa nini kijana hawezi kuenesha kadi ya kupiga kura?],Validation,"if ( ( tw.youth_data.current.youth_carte_yes_no.value == ""Oui, pas vu [Ndio, haionekane]"" || tw.youth_data.current.has_youths_carte.value == ""Oui, mais le document n'est pas present [Ndio, kadi haionekani kwa sasa]"" ) &amp;&amp; ( tw.youth_data.current.no_carte_picklist.value == ""La carte a été perdue [Ilipotea]"" || tw.youth_data.current.no_carte_picklist.value == ""La carte a été volée [Ili ibwa]"" || tw.youth_data.current.no_carte_picklist.value == ""La carte a été détruit (incendie, lave-linge, etc.) [Isha haribishwa (moto, maji, etc.)]"") ) 

{ throw ""Si la carte est perdue, volée, ou détruit, veuillez retourner à la question précédente et sélectionner 'Non'. [Kama kadi ilipotea ao ilibiwa, tafadhali rudi uchaguwe 'Hapana' kwa swali ya nyuma.]"" ; } 

else if ( ( tw.youth_data.current.youth_carte_yes_no.value == ""Non [Hapana]"" || tw.youth_data.current.has_youths_carte.value == ""Non, le jeune ne possède pas une carte d'electeur [Hapana, kijana hana kadi ya kura]"" ) &amp;&amp; ( tw.youth_data.current.no_carte_picklist.value == ""La carte est enfermée dans une autre chambre par les parents / conjoint / autre [Kadi iko katika chumba ya kufungiwa na wazazi / bibi ao bwana / mwengine]"" || tw.youth_data.current.no_carte_picklist.value == ""La carte est dans la maison, mais ne peut pas être trouvée en ce moment [Kadi iko katika nyumba, alakini sijue wapi kwa saha hii]"" || tw.youth_data.current.no_carte_picklist.value == ""La carte est retenue par le parent / conjoint / autre qui n'est pas présent [Mzazi / bibi ao bwana / mwengine njo iko na kadi yangu]"" || tw.youth_data.current.no_carte_picklist.value == ""La carte a été laissée à un ami ou à un membre de la famille, mais peut être récupérée [Kadi iliachiwa kwa rafiki ao mtu wa familiya, ina weza patikana]"" || tw.youth_data.current.no_carte_picklist.value == ""La carte est conservée au lieu de travail / l'école du jeune [Kadi iko kwenye fasi y’a Kazi / masomo ya kijana]"" ) ) 

{ throw ""Si le jeune n'a pas de carte, vous ne pouvez pas choisir cette raison. [ SWAHILI ]"" ; }",False,,a0R8Y00000qxoOGUAY,21,,True,a0e8Y00000IZYo5QAH,False,radio
a0R8Y00000qxo2lUAA,has_carte_delecteur_yes_no,Has Carte D'electeur? - Calculation,Calculation,"if ( tw.youth_data.current.youth_carte_yes_no.value == ""Oui, l'original ou photocopie [Ndio, kadi orijinal au fotocopi ipo]"" || tw.youth_data.current.youth_carte_yes_no.value == ""Oui, pas vu [Ndio, haionekane]"" || tw.youth_data.current.has_youths_carte.value == ""Oui, et le document est present [Ndio kadi ipo]"" || tw.youth_data.current.has_youths_carte.value == ""Oui, mais le document n'est pas present [Ndio, kadi haionekani kwa sasa]"" )

{ tw.youth_data.current.has_carte_delecteur_yes_no.value = ""True2"" ; }

else { tw.youth_data.current.has_carte_delecteur_yes_no.value = ""False2"" ; }",True,,a0R8Y00000qxoOGUAY,23,,True,a0e8Y00000IZYo5QAH,False,radio
a0R8Y00000qxo2mUAA,has_no_id_documents_calculation,Has No Carte D'electeur? - Calculation,Validation,"if ( tw.youth_data.current.has_carte_delecteur_yes_no.value == ""False2"" ) { tw.youth_data.current.has_no_id_documents_calculation.value = ""True2"" ;}
else { tw.youth_data.current.has_no_id_documents_calculation.value = ""False2"" ; }",True,,a0R8Y00000qxoOGUAY,24,,True,a0e8Y00000IZYo5QAH,False,radio
a0R8Y00000qxo2nUAA,has_carte_delecteur_present_calculation,Has Carte D'electeur Present? - Calculation,Calculation,"if ( tw.youth_data.current.youth_carte_yes_no.value == ""Oui, l'original ou photocopie [Ndio, kadi orijinal au fotocopi ipo]"" || tw.youth_data.current.has_youths_carte.value == ""Oui, et le document est present [Ndio kadi ipo]"" ) { tw.youth_data.current.has_carte_delecteur_present_calculation.value = ""True"" ; } else { tw.youth_data.current.has_carte_delecteur_present_calculation.value = ""False"" ; }",True,,a0R8Y00000qxoOGUAY,25,,True,a0e8Y00000IZYo5QAH,False,radio
a0R8Y00000qxo2oUAA,confirm_nah_and_no_docs,"Veuillez confirmer que ce jeune n'est pas disponible actuellement et qu'il n'est présent dans aucun document: [Tafadhali, hakikisha kama huju kijana haiko nyumbani na katika vitambulisho vya sensa:]",Validation,"if ( tw.youth_data.current.confirm_nah_and_no_docs.value == ""Non [Hapana]"" ) { throw ""Veuillez retourner en arriére dans le sondage pour remplir les renseignements sur les jeunes. [Tafadhali, rudi nyuma katika maulizo, nauulize swali kuhusu vijana.]"" ;}",False,,a0R8Y00000qxoOGUAY,27,,True,a0e8Y00000IZYo5QAH,False,radio
a0R8Y00000qxo2pUAA,photo_docs_consent,LIRE À L'ENQUETE: [SOMA KUFANYA:],,,False,,a0R8Y00000qxoOGUAY,38,,True,a0e8Y00000IZYo5QAH,False,radio
a0R8Y00000qxo2qUAA,twin_yes_no,Êtes-vous un jumeau? [Je! Wewe ni mtoto mapasa wa kwanza kuzaliwa?],,,False,,a0R8Y00000qxoOGUAY,40,,True,a0e8Y00000IZYo5QAH,False,radio
a0R8Y00000qxo2rUAA,first_born_yes_no,Êtes-vous le premier né? [Je! Wewe ni mtoto wa kwanza kuzaliwa?],,,False,,a0R8Y00000qxoOGUAY,41,,True,a0e8Y00000IZYo5QAH,False,radio
a0R8Y00000qxo2sUAA,photo_consent,LIRE À L'ENQUETE: [SOMA KUFANYA:],,,False,,a0R8Y00000qxoOGUAY,42,,True,a0e8Y00000IZYo5QAH,False,radio
a0R8Y00000qxo2uUAA,phone_number_yes_no,LIRE À L'ENQUETE: [SOMA KUFANYA:],,,False,,a0R8Y00000qxoOGUAY,45,,True,a0e8Y00000IZYo5QAH,False,radio
a0R8Y00000qxo30UAA,fraud_one,RÉPONDEZ À CETTE QUESTION EN PRIVÉ: [JIBU BINAFSI:],,,False,,a0R8Y00000qxoOGUAY,61,,True,a0e8Y00000IZYo5QAH,False,radio
a0R8Y00000qxo2vUAA,not_home_phone,Est-ce que le répondant ou une autre personne présente connaît le numéro de téléphone auquel ce jeune peut être contacté? [Je! Mhojiwa au mtu mwengine hajui namba ambayo tunaweza ku wasili ili tu ongeleshe kijana.],,,False,,a0R8Y00000qxoOGUAY,52,,True,a0e8Y00000IZYo5QAH,False,radio
a0R8Y00000qxo2wUAA,whose_number_1,Ce numéro de téléphone est-il le numéro de téléphone personnel du jeune ou celui d'une autre personne? [Je! Nambari hii ya simu ni nambari ya kibinafsi ya vijana au nambari ya mtu mwingine?],,,False,,a0R8Y00000qxoOGUAY,55,,True,a0e8Y00000IZYo5QAH,False,radio
a0R8Y00000qxo2xUAA,whose_num,A qui appartient ce numéro? [Whose phone namba is this?],,,False,,a0R8Y00000qxoOGUAY,56,,True,a0e8Y00000IZYo5QAH,False,radio
a0R8Y00000qxo2yUAA,whose_number_2,Ce numéro de téléphone est-il le numéro de téléphone personnel du jeune ou celui d'une autre personne? [Je! Nambari hii ya simu ni nambari ya kibinafsi ya vijana au nambari ya mtu mwingine?],,,False,,a0R8Y00000qxoOGUAY,59,,True,a0e8Y00000IZYo5QAH,False,radio
a0R8Y00000qxo2zUAA,whose_num_2,A qui appartient ce numéro? [Namba ya simu ni za nani?],,,False,,a0R8Y00000qxoOGUAY,60,,True,a0e8Y00000IZYo5QAH,False,radio
a0R8Y00000qxo31UAA,twin_status_calculation,Twin Status - Calculation,Calculation,"if ( tw.youth_data.current.twin_yes_no.value == ""Oui [Ndiyo]"" || tw.youth_data.current.twin_yes_no_2.value == ""Oui [Ndiyo]"" ) { tw.youth_data.current.twin_status_calculation.value = ""Oui [Ndiyo]"" ; }

else { tw.youth_data.current.twin_status_calculation.value = ""Non [Hapana]"" ; }",True,,a0R8Y00000qxoOGUAY,62,,True,a0e8Y00000IZYo5QAH,False,radio
a0R8Y00000qxo32UAA,first_born_status_calculation,First Born Status - Calculation,Calculation,"if ( tw.youth_data.current.first_born_yes_no.value == ""Oui [Ndiyo]"" || tw.youth_data.current.first_born_yes_no_2.value == ""Oui [Ndiyo]"" ) { tw.youth_data.current.first_born_status_calculation.value = ""Oui [Ndiyo]"" ; }

else { tw.youth_data.current.first_born_status_calculation.value = ""Non [Hapana]"" ; }",True,,a0R8Y00000qxoOGUAY,63,,True,a0e8Y00000IZYo5QAH,False,radio
a0R8Y00000qxo33UAA,youth_present_or_in_docs,Youth Present or in ID Documents? - Calculation,Calculation,"if ( tw.youth_data.current.has_youths_carte.value == ""Oui, et le document est present [Ndio kadi ipo]"" || tw.youth_data.current.youth_carte_yes_no.value == ""Oui, l'original ou photocopie [Ndio, kadi orijinal au fotocopi ipo]"" || tw.youth_data.current.youth_carte_yes_no.value == ""Oui, pas vu [Ndio, haionekane]"" || tw.youth_data.current.in_person_yes_no.value == ""Oui [Ndiyo]"" )
{ tw.youth_data.current.youth_present_or_in_docs.value = ""True2"" ; }

else { tw.youth_data.current.youth_present_or_in_docs.value = ""False2"" ; }",True,,a0R8Y00000qxoOGUAY,64,,True,a0e8Y00000IZYo5QAH,False,radio
a0R8Y00000qxo37UAA,is_refusing,Is Refusing? - for Survey Attempt Object,Calculation,"if ( tw.youth_data.current.youth_consent_yes_no.value == ""Non [Hapana]"" ) { tw.youth_data.current.is_refusing.value = ""True2"" ; }

else { tw.youth_data.current.is_refusing.value = ""False2"" ; }",True,,a0R8Y00000qxoOGUAY,70,,True,a0e8Y00000IZYo5QAH,False,radio
a0R8Y00000qxo34UAA,name_verification_status,Name Verification Status - for Recipient Object,Calculation,"tw.youth_data.current.name_verification_status.value = ""No Name Mapping Found2"";",True,,a0R8Y00000qxoOGUAY,65,,True,a0e8Y00000IZYo5QAH,False,radio
a0R8Y00000qxo35UAA,sanctions_list_status,Sanctions List Status - for Recipient Object,Calculation,"tw.youth_data.current.sanctions_list_status.value = ""Unscreened2"";",True,,a0R8Y00000qxoOGUAY,66,,True,a0e8Y00000IZYo5QAH,False,radio
a0R8Y00000qxo36UAA,survey_type,Survey Type - for Survey Attempt Object,Calculation,"tw.youth_data.current.survey_type.value = ""Census2"";",True,,a0R8Y00000qxoOGUAY,69,,True,a0e8Y00000IZYo5QAH,False,radio
a0R8Y00000qxo3BUAQ,should_relocating_show,Should Re-locating Youths Show? - Calculation,Calculation,"var showQuestion = ""False"" ; 

if ( tw.youth_data !== null )
{ for (var i = 0; i &lt; tw.youth_data.length ; i++) {
    var youth_data = tw.youth_data[i];
    if (youth_data.is_successful.value == 'False2' ) {
        showQuestion = ""True"" ;
    }
} }

tw.calculating_relocation.should_relocating_show.value = showQuestion ;",True,,a0R8Y00000qxoOZUAY,2,,True,a0e8Y00000IZYo5QAH,False,radio
a0R8Y00000qxo38UAA,is_successful,Is Successful? (Youth) - for Survey Attempt Object,Calculation,"if ( tw.youth_data.current.youth_present_or_in_docs.value == ""True2"" || tw.youth_data.current.youth_consent_yes_no.value ==  ""Non [Hapana]"" || tw.youth_data.current.has_youths_carte.value == ""Non, le jeune ne possède pas une carte d'electeur [Hapana, kijana hana kadi ya kura]"" || tw.youth_data.current.youth_carte_yes_no.value == ""Non [Hapana]"" )
{tw.youth_data.current.is_successful.value = ""True2"";}

else if ( tw.youth_data.current.new_info_questionnaire.value == ""Non [Hapana]"" )
{tw.youth_data.current.is_successful.value = ""False2"";}

else {tw.youth_data.current.is_successful.value = ""False2"";}",True,,a0R8Y00000qxoOGUAY,71,,True,a0e8Y00000IZYo5QAH,False,radio
a0R8Y00000qxo39UAA,stage,Stage - for Recipient Object,Calculation,"if ( tw.youth_data.current.is_successful.value == ""True2"" ) 
{ tw.youth_data.current.stage.value = ""Census Complete2"" ; } 

else { tw.youth_data.current.stage.value = ""Census2"" ; }",True,,a0R8Y00000qxoOGUAY,72,,True,a0e8Y00000IZYo5QAH,False,radio
a0R8Y00000qxo3AUAQ,needs_token_not_abandoned_calculation,Needs Token & Not Abandoned? - Calculation,Calculation,"if ( tw.locating_the_household.needs_token_calculation.value == ""True"" &amp;&amp; tw.locating_the_household.abandoned_yes_no.value == ""Non [Hapana]"" )
{ tw.calculating_relocation.needs_token_not_abandoned_calculation.value = ""True"" ; }

else { tw.calculating_relocation.needs_token_not_abandoned_calculation.value = ""False"" ; }",True,,a0R8Y00000qxoOZUAY,1,,True,a0e8Y00000IZYo5QAH,False,radio
a0R8Y00000qxo3CUAQ,should_s6_show,Should Re-locating the Household Show? - Calculation,Calculation,"if ( ( tw.drill_down.is_available_pulled_down.value == null || tw.drill_down.is_18_available_pulled_down.value == null ) &amp;&amp; tw.locating_the_household.available_yes_no.value == ""Oui [Ndiyo]"" )
{ tw.calculating_relocation.should_s6_show.value = ""True"" ; }

else if ( tw.drill_down.is_nah_revisit_calculation.value == ""True2"" &amp;&amp; tw.locating_the_household.available_yes_no.value == ""Oui [Ndiyo]"" )
 { tw.calculating_relocation.should_s6_show.value = ""True"" ; } 

else if ( tw.locating_the_household.abandoned_yes_no.value == ""Non [Hapana]"" )
 { tw.calculating_relocation.should_s6_show.value = ""True"" ; } 

else { tw.calculating_relocation.should_s6_show.value = ""False"" ; }",True,,a0R8Y00000qxoOZUAY,3,,True,a0e8Y00000IZYo5QAH,False,radio
a0R8Y00000qxo3DUAQ,hide_fraud_detection,Hide Fraud Detection? - Calculation,Calculation,"if ( tw.participation_and_consent.above_18_other_later_yes_no.value == ""Non [Hapana]"" || tw.participation_and_consent.refusing_yes_no.value == ""Non [Hapana]"" || tw.hh_presence.terminate_yes_no.value == ""Non/Je ne sais pas [Hapana/Sijuwe]"" ) 
{ tw.calculating_relocation.hide_fraud_detection.value = ""True"" ; }

else { tw.calculating_relocation.hide_fraud_detection.value = ""False"" ; }",True,,a0R8Y00000qxoOZUAY,4,,True,a0e8Y00000IZYo5QAH,False,radio
a0R8Y00000qxo3JUAQ,house_pic_yes_no,LIRE À L'ENQUETE: [SOMA KUFANYA:],,,False,,a0R8Y00000qxoOdUAI,8,,True,a0e8Y00000IZYo5QAH,False,radio
a0R8Y00000qxo3EUAQ,test_2,Ou est ce/ces jeune(s)? [Kijana huyu yuko wapi?],Validation,"var noReasonProvided = tw.relocating.test_2.value.contains(""Je ne sais pas [Sijui]""); 

var otherReasonProvided = tw.relocating.test_2.value.contains(""Au boulot [Kazini]"") || tw.relocating.test_2.value.contains(""L\’école [Shuleni]"") || tw.relocating.test_2.value.contains(""Vient de sortir [Imetoka tu]"") || tw.relocating.test_2.value.contains(""En dehors de la ville [Inje ya muji]"") || tw.relocating.test_2.value.contains(""Autre [Yengine]"" ) ;

if (noReasonProvided &amp;&amp; otherReasonProvided) 

{ throw ""Vous avez sélectionné la réponse Je ne sais pas et une autre reponse! [Ulichagua Sijui na jibu yengine!]""; }",False,"Choisissez plusieurs localités si plus d'un jeune n'était pas disponible ET non enregistré dans le cahier OU la fiche de recensement.

[Chagua mafasi nyingi kama kijana hakukua NA kama haandikiwe katika buku la sensa AO kitambulisho la sensa.]",a0R8Y00000qxoObUAI,2,,True,a0e8Y00000IZYo5QAH,False,checkbox
a0R8Y00000qxo3FUAQ,youth_revisit_time_updated,"Si nous souhaitons rencontrer ce ou cette jeune(s), quand pourrions-nous le faire? [Ikiwa tunataka kutembelea kijana huyu nyumbani anaweza kuwa apa nyumbani wakati gani?]",Validation,"var noReasonProvided = tw.relocating.youth_revisit_time_updated.value.contains(""Je ne sais pas [Sijui]""); 

var otherReasonProvided = tw.relocating.youth_revisit_time_updated.value.contains(""Matin en semaine [Asubuyi siku la juma]"") || tw.relocating.youth_revisit_time_updated.value.contains(""Après-midi en semaine [Kisha mchana siku la juma]"") || tw.relocating.youth_revisit_time_updated.value.contains(""Samedi matin [Jumamosi asubuyi]"") || tw.relocating.youth_revisit_time_updated.value.contains(""Samedi après-midi [Jumamosi kisha mchana]"") || tw.relocating.youth_revisit_time_updated.value.contains(""Dimanche matin [Jumapili asubuyi]"") || tw.relocating.youth_revisit_time_updated.value.contains(""Dimanche après-midi [Jumapili kisha mchana]"") || tw.relocating.youth_revisit_time_updated.value.contains(""A partir d'une date précise (sélectionner dans la question suivante) [Kwa tarehe ijulikanayo (changua ndani ya swali ifuuatao)]"") ; 

if (noReasonProvided &amp;&amp; otherReasonProvided) { throw ""Vous avez sélectionné la réponse Je ne sais pas et une autre reponse! [Ulichagua Sijui na jibu yengine!]""; }",False,,a0R8Y00000qxoObUAI,4,,True,a0e8Y00000IZYo5QAH,False,checkbox
a0R8Y00000qxo3GUAQ,read,LIRE À L'ENQUETE: [SOMA KUFANYA:],,,False,"Pour que nous sachions que votre ménage a déjà été recensé, nous aimerions lui donner un numéro d'identification. Permettez-vous que nous écrivions ce numéro SUR votre porte? Ce numéro ne signifie pas que vous recevrez quoi que ce soit ou que vous ferez partie d'un projet de l'ITM ; c'est juste pour des raisons d’enregistrement afin d’être en mesure de vérifier ce ménage pour des projets potentiels. 

[Kwa habari zaidi, bonyeza hapa kusoma nakala, tungependa kuwapa familia yako nambari ya kitambulisho. Je! Unakubali kutuandika nambari hii kwenye MTANDAO wa mlango wako? Nambari hii haimaanishi kwamba utapokea chochote au sehemu ya mradi wa ITM; ni kwa rekodi yetu wenyewe na inawezekana kuthibitisha kaya hii kwa miradi inayowezekana.]",a0R8Y00000qxoOdUAI,1,,True,a0e8Y00000IZYo5QAH,False,radio
a0R8Y00000qxo3HUAQ,should_flyer_token_show,Should Flyer Token Show? - Calculation,Calculation,"if ( tw.relocating_hh.read.value == ""Non [Hapana]"" ) { tw.relocating_hh.should_flyer_token_show.value = ""True"" ; }

else if ( tw.participation_and_consent.family_or_renter_calc.value == ""False"" || tw.participation_and_consent.above_18_yes_no.value == ""Personne n'a 18 ou plus [Hakuna mtu aliye na miaka 18+]"" || tw.participation_and_consent.refusing_yes_no.value == ""Non [Hapana]"" || tw.hh_presence.terminate_yes_no.value == ""Non/Je ne sais pas [Hapana/Sijuwe]"" || tw.calculating_relocation.needs_token_not_abandoned_calculation.value == ""True"" ) 
 { tw.relocating_hh.should_flyer_token_show.value = ""True"" ; }

else  { tw.relocating_hh.should_flyer_token_show.value = ""False"" ; }",True,,a0R8Y00000qxoOdUAI,2,,True,a0e8Y00000IZYo5QAH,False,radio
a0R8Y00000qxo3IUAQ,token_confirm,"Veuillez conﬁrmer que vous avez écrit le numéro d’identification sur la porte ou sur le dépliant: [Tafadhali, kahikisha umeandika namba ya kitambulisho ya nyumba kwenye mlango:]",Validation,"if (tw.relocating_hh.token_confirm.value != ""Oui [Ndiyo]"") {throw ""Chaque ménage recensé doit recevoir un numéro d’identification. [Kila nyumba iliyo fatwa anapashwa pokean nambari ya ishara.]"" ;}",False,,a0R8Y00000qxoOdUAI,6,,True,a0e8Y00000IZYo5QAH,False,radio
a0R8Y00000qxo3KUAQ,feels_unsafe_end_early,Feels Unsafe & End Early? - Calculation,Calculation,"if ( tw.participation_and_consent.fo_upfront_security.value == ""Non [Hapana]"" &amp;&amp; tw.participation_and_consent.fo_upfront_leave_yes_no.value == ""Oui [Ndiyo]"" ) { tw.fraud_detection.feels_unsafe_end_early.value = ""True"" ; }

else { tw.fraud_detection.feels_unsafe_end_early.value = ""False"" ; }",True,,a0R8Y00000qxoOiUAI,1,,True,a0e8Y00000IZYo5QAH,False,radio
a0R8Y00000qxo3LUAQ,lied_yes_no,Pensez-vous que cette famille a menti sur quelque chose? [Unawaza hiyi jamii ili danganya?],,,False,,a0R8Y00000qxoOiUAI,3,,True,a0e8Y00000IZYo5QAH,False,radio
a0R8Y00000qxo3MUAQ,security_yes_no,Avez-vous des problèmes de sécurité avec ce foyer? [Je! Una shida yoyote ya usalama na kaya (nyumba) hii?],,,False,,a0R8Y00000qxoOiUAI,5,,True,a0e8Y00000IZYo5QAH,False,radio
a0R8Y00000qxo3SUAQ,leave_early_mairie_yes_no,Y a-t-il un numéro de la mairie sur la maison? [Je! Unaona namba iliyopewa na offisi ya meya kwenye nyumba?],,,False,,a0R8Y00000qxoOkUAI,7,,True,a0e8Y00000IZYo5QAH,False,radio
a0R8Y00000qxo3NUAQ,security_which,Quelles sont vos préoccupations en matière de sécurité? [Shida gani ya usalama unayo?],,,False,,a0R8Y00000qxoOiUAI,6,,True,a0e8Y00000IZYo5QAH,False,checkbox
a0R8Y00000qxo3OUAQ,is_household_description_filled,Is Youth Y/N Filled? - for Household object,Calculation,"if ( tw.drill_down.is_youth_yn_filled_pulled_down.value == ""True2"" ) 
{ tw.conclusion.is_household_description_filled.value = ""True2"" ; }

else if ( tw.hh_presence.youths_yes_no.value == ""Oui, l’enquêté confirme qu'il y a des jeunes dans ce ménage (peut inclure l’enquêté) [Ndio, mhojiwa anakubali kwamba kuna vijana katika nyumba hii (inaweza kujumuisha mhojiwa)]"" || tw.hh_presence.youths_yes_no.value == ""Non, l’enquêté confirme qu'il n'y a pas de jeunes dans ce ménage [Apana, mhojiwa anakubali kuwa hakuna vijana katika nyumba hii]"" || tw.hh_presence.youths_yes_no.value == ""Personne ici présent sait [Hakuna yeyote hapa anajua]"" )
{ tw.conclusion.is_household_description_filled.value = ""True2"" ; }

else { tw.conclusion.is_household_description_filled.value = ""False2"" ; }",True,,a0R8Y00000qxoOkUAI,2,,True,a0e8Y00000IZYo5QAH,False,radio
a0R8Y00000qxo3PUAQ,should_conc_be_limited,Should Description Show - Calculation,Calculation,"if ( ( tw.participation_and_consent.above_18_other_later_yes_no.value == ""Oui [Ndiyo]"" || tw.participation_and_consent.refusing_household_position.value == ""Non [Hapana]"" || tw.locating_the_household.abandoned_yes_no.value == ""Non [Hapana]"" || tw.participation_and_consent.fo_upfront_leave_yes_no.value == ""Non [Hapana]"" || tw.hh_presence.youths_yes_no.value == ""Oui, l’enquêté confirme qu'il y a des jeunes dans ce ménage (peut inclure l’enquêté) [Ndio, mhojiwa anakubali kwamba kuna vijana katika nyumba hii (inaweza kujumuisha mhojiwa)]"" ) &amp;&amp; ( tw.drill_down.house_description_pulled_down.value == null || tw.drill_down.house_description_pulled_down.value == 'null' || tw.drill_down.house_description_pulled_down.value == "" "" ) )

{ tw.conclusion.should_conc_be_limited.value = ""True""; }

else {tw.conclusion.should_conc_be_limited.value = ""False"";}",True,,a0R8Y00000qxoOkUAI,3,,True,a0e8Y00000IZYo5QAH,False,radio
a0R8Y00000qxo3QUAQ,early_mairie_number_show_calculation,Should End Early Mairie Number Show? - Calculation,Calculation,"if ( ( tw.participation_and_consent.above_18_other_later_yes_no.value == ""Oui [Ndiyo]"" || tw.participation_and_consent.refusing_household_position.value == ""Non [Hapana]"" || tw.locating_the_household.abandoned_yes_no.value == ""Non [Hapana]"" || tw.participation_and_consent.fo_upfront_leave_yes_no.value == ""Oui [Ndiyo]"" ) &amp;&amp; ( tw.drill_down.mairie_number_pulled_down.value == null || tw.drill_down.mairie_number_pulled_down.value == 'null' || tw.drill_down.mairie_number_pulled_down.value == "" "" ) )
{ tw.conclusion.early_mairie_number_show_calculation.value = ""True"" ; }

else { tw.conclusion.early_mairie_number_show_calculation.value = ""False"" ; }",True,,a0R8Y00000qxoOkUAI,4,,True,a0e8Y00000IZYo5QAH,False,radio
a0R8Y00000qxo3RUAQ,should_mairie_number_show_calculation,Should Mairie Number Show? - Calculation,Calculation,"if ( tw.conclusion.early_mairie_number_show_calculation.value == ""False"" &amp;&amp; tw.hh_presence.youths_yes_no.value == ""Oui, l’enquêté confirme qu'il y a des jeunes dans ce ménage (peut inclure l’enquêté) [Ndio, mhojiwa anakubali kwamba kuna vijana katika nyumba hii (inaweza kujumuisha mhojiwa)]"" &amp;&amp; ( tw.drill_down.mairie_number_pulled_down.value == null || tw.drill_down.mairie_number_pulled_down.value == 'null' || tw.drill_down.mairie_number_pulled_down.value == "" "" ) )
{ tw.conclusion.should_mairie_number_show_calculation.value = ""True"" ; }

else { tw.conclusion.should_mairie_number_show_calculation.value = ""False"" ; }",True,,a0R8Y00000qxoOkUAI,5,,True,a0e8Y00000IZYo5QAH,False,radio
a0R8Y00000qxo3TUAQ,leave_early_other_num_yes_no,Y a-t-il le numéro donné par une autre autorité sur la maison? [Je! Unaona namba iliyo pewa na offisi yengine kwenye nyumba?],,,False,,a0R8Y00000qxoOkUAI,12,,True,a0e8Y00000IZYo5QAH,False,radio
a0R8Y00000qxoAeUAI,device_id,IMEI - for Survey Attempt Object,Calculation,tw.youth_data.current.device_id.value = tw.getIMEI();,True,,a0R8Y00000qxoOGUAY,73,,True,a0e8Y00000IZYo5QAH,False,text-short
a0R8Y00000qxoAfUAI,gps_location,Veuillez saisir les coordonnées GPS à l'entrée de la maison. [Tafadhali pata kuratibu za GPS kwa kuingiya mlangoni mwa nyumba.],,,False,,a0R8Y00000qxoOkUAI,1,,True,a0e8Y00000IZYo5QAH,False,gps-location
a0R8Y00000qxoAiUAI,token_number,Token Number,Calculation,"var token = "" "" ; 
var dateint = new Date().getTime() ; 
var datestr = dateint.toString() ; 
var date = datestr.substring(8) ; 

var deviceidlong = tw.getIMEI() ; 
var deviceidstr = deviceidlong.toString() ; 
var deviceidshort = deviceidstr.substring(13) ; 
var token = date + ""-"" + deviceidshort ; 

if ( tw.drill_down.token_number_pulled_down.value !== null )
{ tw.locating_the_household.token_number.value = tw.drill_down.token_number_pulled_down.value ; }

else if (tw.locating_the_household.token_number.value == null)
{ tw.locating_the_household.token_number.value = token ; }",True,,a0R8Y00000qxoO5UAI,1,,True,a0e8Y00000IZYo5QAH,False,text-short
a0R8Y00000qxoAjUAI,account_name,Account Name - for Household Object,Calculation,tw.locating_the_household.account_name.value = tw.locating_the_household.token_number.value ;,True,,a0R8Y00000qxoO5UAI,2,,True,a0e8Y00000IZYo5QAH,False,text-short
a0R8Y00000qxoAkUAI,hh_id,Household ID - for Household Object,,,True,,a0R8Y00000qxoO5UAI,3,,True,a0e8Y00000IZYo5QAH,False,text-short
a0R8Y00000qxoAlUAI,abandoned_reason,Pourquoi pensez-vous que personne ne vit dans cette maison? [Je! Unafikiri hakuna mtu anayeishi katika nyumba hii juu ya nini?],,,False,,a0R8Y00000qxoO5UAI,7,,True,a0e8Y00000IZYo5QAH,False,text-short
a0R8Y00000qxoAmUAI,revisit_when,Vers quel jour pensez-vous que nous devrions revenir? [Je! Siku gani muna waza tuna weza ku rudi?],Validation,"var dt = tw.participation_and_consent.revisit_when.value ; 
if (dt.getFullYear() &lt;=2018) {throw ""Le moment de la visite suivante ne peut pas être dans le passé! [Wakati wa kurudi hauwezi kuwa kwa muda iliyo pita!]"" ;}
else if (dt.getFullYear() == 2019 &amp;&amp; dt.getMonth() &lt;7) {throw ""Le moment de la visite suivante ne peut pas être dans le passé! [Wakati wa kurudi hauwezi kuwa kwa muda iliyo pita!]"" ;}",False,,a0R8Y00000qxoO7UAI,9,,True,a0e8Y00000IZYo5QAH,False,date-date
a0R8Y00000qxoAoUAI,read_5,LIRE À L'ENQUETE: [SOMA KWA MUTU UNAYE MUSWALI:],,,False,"PAR MA SIGNATURE, JE CONFIRME QUE J'AI LU OU REÇU L'INTERPRÉTATION DE CE QUI SUIT DANS UNE LANGUE QUE JE COMPRENDS LES TERMES ET CONDITIONS CI-DESSOUS (Je me réserve le droit de se plaindre à ce sujet).

Je comprends que le but de cette collecte est d'identifier les jeunes dans le ménage, et j'accorde aux enquêteurs de l'ITM et à leurs partenaires le droit d'utiliser les informations collectées aux fins prévues. Je suis conscient que ma participation à cette enquête est volontaire.

Je reconnais que j'ai été pleinement informé et que j'ai choisi de ne pas recevoir les conseils de l'avocat à cet égard. Je comprends que j'ai le droit de savoir avec qui ces données ont été partagées et/ou de demander que les informations me concernant soient modifiées ou supprimées, bien que cela puisse annuler ma participation à un programme potentiel qui résulterait de ma participation.

[KWA MUHURI YANGU, NINASEMA KWAMBA NILISOMA AO KWAMBA NILISIKIYA KWA LUGHA NINAYO ELEWA MASHARTI ZIFWATAZO (Nina haki ya kulalamika juu ya hili).

Ninaelewa kuwa shabaa ya utafiti huu ni kuwajua vijana katika nyumba, na ninawapa wachunguzi wa USAID na wenzi wao haki ya kutumia habari iliyokusanywa kwa shabaa ambayo wanaamua. Ninajua kuwa ushiriki wangu katika utafiti huu ni kwa kupenda kwangu.

Ninakiri kuwa nimeeleweshwa kikamilifu na nimeamua kutopokea ushauri wa washauri (wenye siasa) katika suala hili. Ninaelewa kuwa nina haki ya kujua nani data hii imeshirikiwa kwake / ao kuomba kwamba habari juu yangu ibadilishwe ao kuvutwa, ingawa hii inaweza kutosha ushiriki wangu katika mpango unaoweza kutokea baadaye.]",a0R8Y00000qxoO7UAI,16,,True,a0e8Y00000IZYo5QAH,False,picture
a0R8Y00000qxo3UUAQ,dif_num_yes_no,Est-ce que cette maison a un numéro de maison attribué par une autre autorité? [Je! Nyumba hii ina namba ya nyumba iliyopewa na mamlaka tofauti?],,,False,,a0R8Y00000qxoOkUAI,13,,True,a0e8Y00000IZYo5QAH,False,radio
a0R8Y00000qxo3VUAQ,mairie_yes_no,Cette maison a-t-elle un numéro attribué par la mairie? [Je! Nyumba hii ina nambari aliyopewa na ukumbi (meya) wa jiji?],,,False,,a0R8Y00000qxoOkUAI,8,,True,a0e8Y00000IZYo5QAH,False,radio
a0R8Y00000qxo3WUAQ,other_number_assigner,Qui a attribué cet autre numéro? [Nani mtowaji wa namba nyingine hii?],,,False,,a0R8Y00000qxoOkUAI,17,,True,a0e8Y00000IZYo5QAH,False,radio
a0R8Y00000qxo3XUAQ,does_hh_have_mairie,Has Mairie Number? - Calculation,Calculation,"if ( tw.conclusion.leave_early_mairie_yes_no.value == ""Oui [Ndiyo]"" || tw.conclusion.mairie_yes_no.value == ""Oui [Ndiyo]"" )
{ tw.conclusion.does_hh_have_mairie.value = ""True"" ; }

else { tw.conclusion.does_hh_have_mairie.value = ""False"" ; }",True,,a0R8Y00000qxoOkUAI,19,,True,a0e8Y00000IZYo5QAH,False,radio
a0R8Y00000qxo3YUAQ,does_hh_have_other_num,Has Other Household Number? - Calculation,Calculation,"if ( tw.conclusion.leave_early_other_num_yes_no.value == ""Oui [Ndiyo]"" || tw.conclusion.dif_num_yes_no.value == ""Oui [Ndiyo]"" )
{ tw.conclusion.does_hh_have_other_num.value = ""True"" ; }

else { tw.conclusion.does_hh_have_other_num.value = ""False"" ; }",True,,a0R8Y00000qxoOkUAI,20,,True,a0e8Y00000IZYo5QAH,False,radio
a0R8Y00000qxoAgUAI,notes,"Veuillez inscrire toutes les notes supplémentaires ou tous les cas spéciaux qui, à votre avis, valent la peine d'être notés: [Tafadhali ingiza maelezo yoyote ya zaidi ao kesi maalum ambazo unafikiri zinafaa kuzingatia:]",,,False,,a0R8Y00000qxoOkUAI,22,,True,a0e8Y00000IZYo5QAH,False,text-short
a0R8Y00000qxo3ZUAQ,is_first_visit_nah,Is First Visit NAH? - Calculation,Calculation,"var firstvisit = tw.drill_down.is_first_visit_nah_pulled_down.value ;

if ( firstvisit !== null ) { tw.conclusion.is_first_visit_nah.value = firstvisit ; }

else if ( tw.drill_down.is_first_visit_calculation.value == ""True2"" &amp;&amp; ( tw.locating_the_household.abandoned_yes_no.value == ""Non [Hapana]"" || tw.participation_and_consent.above_18_yes_no.value == ""Personne n'a 18 ou plus [Hakuna mtu aliye na miaka 18+]"" || tw.participation_and_consent.refusing_household_position.value == ""Non [Hapana]"" ) ) { tw.conclusion.is_first_visit_nah.value = ""True2"" ; }

else { tw.conclusion.is_first_visit_nah.value = ""False2"" ; }",True,,a0R8Y00000qxoOkUAI,26,,True,a0e8Y00000IZYo5QAH,False,radio
a0R8Y00000qxoAnUAI,read_3,LIRE À L'ENQUETE: [SOMA KWA MUTU UNAYE MUSWALI:],,,False,"PAR MA SIGNATURE, JE CONFIRME QUE J'AI LU OU QUE J'AI REÇU L'INTERPRÉTATION DE CE QUI SUIT DANS UNE LANGUE QUE JE COMPRENDS ET QUE JE COMPRENDS LES TERMES ET CONDITIONS CI-DESSOUS. 

Je comprends que le but de cette collecte est d'identifier les jeunes dans le ménage, et j'ai refusé d'accorder à l'ITM et leurs partenaires le droit d'utiliser les renseignements recueillis aux fins prévues.

[KWA MUHURI YANGU, NINA HAKIKISHA KWAMBA NILISOMA AO NILISIKIYA KWA LUGHA NINAYO ELEWA NA KWAMBA NIME ELEWA MASHARTI ZIFWATAZO

Ninaelewa kuwa niya ya utafiti huu ni kuwajua vijana katika nyumba na nimekataa kuwapa wachunguzi wa ITM na wenzi wao haki ya kutumia habari iliyokusanywa kwa utafiti huu. ]",a0R8Y00000qxoO7UAI,15,,True,a0e8Y00000IZYo5QAH,False,picture
a0R8Y00000qxoAhUAI,start_time,Start Time,Calculation,var startTime = new Date() ; if ( tw.drill_down.start_time.value == null || tw.drill_down.start_time.value === '' || tw.drill_down.start_time.value == 'null' ) { tw.drill_down.start_time.value = startTime ; },True,,a0R8Y00000qxoNkUAI,27,,True,a0e8Y00000IZYo5QAH,False,date-datetime
a0R8Y00000qxoApUAI,reason_refusing_other_entry,Veuillez décrire l'autre raison: [Tafadhali eleza sababu nyingine:],,,False,,a0R8Y00000qxoO7UAI,18,,True,a0e8Y00000IZYo5QAH,False,text-short
a0R8Y00000qxoAqUAI,refusing_name_entry,Quel est le nom de la personne qui refuse de participer au sondage? [Je! Ni nani jina la mtu ambaye anakataa kushiriki katika uchunguzi?],,,False,,a0R8Y00000qxoO7UAI,19,,True,a0e8Y00000IZYo5QAH,False,text-short
a0R8Y00000qxoArUAI,respondent_name,Quel est votre nom complet? [Jina lako kamili ni nini?],,,False,,a0R8Y00000qxoOBUAY,2,,True,a0e8Y00000IZYo5QAH,False,text-short
a0R8Y00000qxoAsUAI,youth_amt,Combien de jeunes nés entre 1994 et 2000 vivent dans ce ménage? [Je! Ni vijana wangapi waliozaliwa kati ya 1994 na 2000 wanaishi katika kaya hii?],Validation,"if (tw.hh_presence.youth_amt.value &gt;=8) {throw ""Cet enquête permet d'avoir un maximum de 7 jeunes. Veuillez entrer 7, même s'il y a plus de 7 jeunes dans ce ménage. [Utafiti huu huruhusu vijana 7 upeo. Tafadhali ingiza 7, hata ikiwa kuna vijana zaidi ya vijana katika kaya hii.]"" ;}

else if (tw.hh_presence.youth_amt.value &lt; 1) {throw ""Vous ne pouvez pas entrer 0 parce que vous avez indiqué qu'il y a des jeunes dans ce ménage! [Haiwezi kuwa na vijana zaidi ya kusema sasa kuliko kuna vijana katika nyumba!]"" ;}",False,,a0R8Y00000qxoOBUAY,5,,True,a0e8Y00000IZYo5QAH,False,number-integer
a0R8Y00000qxoAtUAI,resp_phone_num,"Quel est le numéro de téléphone portable principal? [Tafadhali, nipe namba yako ya kwanza?]",Validation,"var tendigitRegex = /^0[8,9]{1}\d{8}$/ ; 
if (!tendigitRegex.test(tw.hh_presence.resp_phone_num.value)) {throw ""Le numéro de téléphone doit commencer par 08 ou 09 et être composé de 10 chiffres sans tirets, espaces ou autres caractères spéciaux. [Nambari ya simu inapaswa kuanza na 08 au 09 na kuwa na nambari 10 bila nukta, nafasi ya ku achanisha, au herufi nyingine maalum.]"" ; }",False,,a0R8Y00000qxoOBUAY,7,,True,a0e8Y00000IZYo5QAH,False,text-short
a0R8Y00000qxoAuUAI,resp_phone_num_2,Quel est le deuxième numéro de téléphone personnel? [Namba yako ya simu pili ya ni nini?],Validation,"var tendigitRegex = /^0[8,9]{1}\d{8}$/ ; 

if (!tendigitRegex.test(tw.hh_presence.resp_phone_num_2.value)) 

{throw ""Le numéro de téléphone doit commencer par 08 ou 09 et être composé de 10 chiffres sans tirets, espaces ou autres caractères spéciaux. [Nambari ya simu inapaswa kuanza na 08 au 09 na kuwa na nambari 10 bila nukta, nafasi ya ku achanisha, au herufi nyingine maalum.]"" ; }

else if (tw.hh_presence.resp_phone_num_2.value == tw.hh_presence.resp_phone_num.value) 

{throw ""Ce téléphone doit être différent du numéro de téléphone principal! [Tafadhali ingiza tena namba ya pili ya simu ya mwongozi wako!]"" ; }",False,,a0R8Y00000qxoOBUAY,8,,True,a0e8Y00000IZYo5QAH,False,text-short
a0R8Y00000qxoAvUAI,test,Veuillez décrire d'autres: [Tafadhali eleza zingine]:,,,False,,a0R8Y00000qxoObUAI,3,,True,a0e8Y00000IZYo5QAH,False,text-short
a0R8Y00000qxoAwUAI,youth_revisit,Vers quel jour pensez-vous que nous devrions revenir? [Je! Unafikiria tunapaswa kurudi siku gani?],Validation,"var dt = tw.participation_and_consent.revisit_when.value ; if (dt.getFullYear() &lt;=2018) {throw ""Le moment de la visite suivante ne peut pas être dans le passé! [Wakati wa kurudi hauwezi kuwa kwa muda iliyo pita!]"" ;} else if (dt.getFullYear() == 2019 &amp;&amp; dt.getMonth() &lt;7) {throw ""Le moment de la visite suivante ne peut pas être dans le passé! [Wakati wa kurudi hauwezi kuwa kwa muda iliyo pita!]"" ;}",False,,a0R8Y00000qxoObUAI,5,,True,a0e8Y00000IZYo5QAH,False,date-date
a0R8Y00000qxoAxUAI,photo,PHOTO: [PICHA:],,,False,,a0R8Y00000qxoOdUAI,7,,False,a0e8Y00000IZYo5QAH,False,picture
a0R8Y00000qxoAyUAI,house_pic,PHOTO: [PICHA:],,,False,,a0R8Y00000qxoOdUAI,9,,True,a0e8Y00000IZYo5QAH,False,picture
a0R8Y00000qxoAzUAI,lie_descript,Veuillez décrire le mensonge présumé: [Tafadhali eleza uwongo ulioshukiwa:],Validation,"var str = tw.fraud_detection.lie_descript.value ; 
var length = str.length ; if (length &lt; 25) {throw ""Minimum 25 caractères. Veuillez entrer plus d'informations pour cette description. [Kiwango cha chini cha herufi 25. Tafadhali ingiza zaidi kwa maelezo haya.]"" ;}",False,,a0R8Y00000qxoOiUAI,4,,True,a0e8Y00000IZYo5QAH,False,text-short
a0R8Y00000qxoB0UAI,security_descript,Veuillez décrire l'autre problème de sécurité: [Tafadhali eleza wasiwasi mwingine wa usalama:],Validation,"var str = tw.fraud_detection.security_descript.value ; 
var length = str.length ; 
if (length &lt; 25) {throw ""Minimum 25 caractères. Veuillez entrer plus d'informations pour cette description. [Kiwango cha chini cha herufi 25. Tafadhali ingiza zaidi kwa maelezo haya.]"" ;}",False,,a0R8Y00000qxoOiUAI,7,,True,a0e8Y00000IZYo5QAH,False,text-short
a0R8Y00000qxoB1UAI,mairie_num,Veuillez saisir le numéro de maison attribué par la mairie: [Tafadhali ingiza nambari ya nyumba uliyopewa na ukumbi wa jiji:],Validation,"var mairieRegex = /^[0-9]{2,3}[A-Z a-z]{1}$/ ;

var mairienumRegex = /^[0-9]{3}$/ ;

if (!mairieRegex.test(tw.conclusion.mairie_num.value) &amp;&amp; !mairienumRegex(tw.conclusion.mairie_num.value))

{throw ""Le format correct d'un numéro de mairie est de 2-3 chiffres suivis d'une lettre OU de 3 chiffres. Exemples: 12A ou 123A OU 123. [Fomati kweli ya namba ya meya iko na namba 2-3 ziki chindikizwa na erufi ama na namba 3. Mufano: 12A ama 123A ama 123A ama 123.]"" ;}",False,,a0R8Y00000qxoOkUAI,9,,True,a0e8Y00000IZYo5QAH,False,text-short
a0R8Y00000qxoB2UAI,house_num_pic,PHOTO: [PICHA:],,,False,,a0R8Y00000qxoOkUAI,11,,True,a0e8Y00000IZYo5QAH,False,picture
a0R8Y00000qxoB3UAI,other_num_ind_entry,Veuillez saisir le numéro de maison non attribué par la mairie: [Numba ya chumba cha mea:],,,False,,a0R8Y00000qxoOkUAI,14,,True,a0e8Y00000IZYo5QAH,False,text-short
a0R8Y00000qxoB4UAI,house_num_pic_2,PHOTO: [PICHA:],,,False,,a0R8Y00000qxoOkUAI,16,,True,a0e8Y00000IZYo5QAH,False,picture
a0R8Y00000qxoB5UAI,other_num_assigner_entry,Veuillez saisir l'autre attributaire de ce numéro: [Tafadhali ingiza mtoaji mwingine wa nambari hii:],,,False,,a0R8Y00000qxoOkUAI,18,,True,a0e8Y00000IZYo5QAH,False,text-short
a0R8Y00000qxoB6UAI,house_description,Veuillez saisir une description de la maison que vous avez interrogée et les directions où elle se trouve: [Tafadhali ingiza maelezo ya nyumba ambayo umefanywa uchunguzi na maelekezo wapi nyumba iko:],Validation,"var str = tw.conclusion.house_description.value ;
var length = str.length ;

if (length &lt; 30) {throw ""Minimum 30 caractères. Veuillez entrer plus d'informations pour cette description. [Kiwango cha chini cha herufi/hesabu 30. Tafadhali ingiza zaidi kwa maelezo haya.]"" ;}

else if (length &gt; 250) {throw ""Maximum 250 caractères. Veuillez entrer moins d'informations pour cette description. [Kiwango cha chini cha herufi/hesabu 250. Tafadhali ingiza maelezo machache.]"" ;}

if ( tw.drill_down.house_description_pulled_down.value !== null )
{ tw.conclusion.house_description.value = tw.drill_down.house_description_pulled_down.value ; }",False,,a0R8Y00000qxoOkUAI,21,,True,a0e8Y00000IZYo5QAH,False,text-short
a0R8Y00000qxoB7UAI,household_survey_counter_1,Household Survey Counter +1,Calculation,"var current = parseInt( tw.drill_down.household_survey_counter_pulled_down.value ) ; 
var updated = current + 1 ; 

if (tw.drill_down.is_first_visit_calculation.value == ""True2"") { tw.conclusion.household_survey_counter_1.value = ""1"" ; }

else { tw.conclusion.household_survey_counter_1.value = updated.toString() ; }",True,,a0R8Y00000qxoOkUAI,23,,True,a0e8Y00000IZYo5QAH,False,text-short
a0R8Y00000qxoB8UAI,end_time,End Time,Calculation,var endTime = new Date() ; { tw.conclusion.end_time.value = endTime ; },True,,a0R8Y00000qxoOkUAI,24,,True,a0e8Y00000IZYo5QAH,False,date-datetime
a0R8Y00000qxoB9UAI,survey_duration_1,Survey Duration,Calculation,"var end = tw.conclusion.end_time.value ; 
var start = tw.drill_down.start_time.value ; 
var end_ms = end.getTime() ; 
var start_ms = start.getTime() ; 
var difference_ms = end_ms - start_ms ; 

difference_ms = difference_ms / (1000 * 60 ) ; 

tw.conclusion.survey_duration_1.value = difference_ms ;",True,,a0R8Y00000qxoOkUAI,25,,True,a0e8Y00000IZYo5QAH,False,number-decimal
a0R8Y00000qxoBAUAY,last_name,Last Name - for Recipient Object,Calculation,"if ( tw.youth_data.current.name_pulled_down.value !== null &amp;&amp; tw.youth_data.current.name_pulled_down.value !== ""Unknown""  &amp;&amp; tw.youth_data.current.has_youths_carte.value == ""Oui, et le document est present [Ndio kadi ipo]"" ) 
{ tw.youth_data.current.last_name.value = tw.youth_data.current.youth_name_carte.value ; }

else if ( tw.youth_data.current.name_pulled_down.value !== null &amp;&amp; tw.youth_data.current.name_pulled_down.value !== ""Unknown"" &amp;&amp; tw.youth_data.current.youth_carte_yes_no.value == ""Oui, l'original ou photocopie [Ndio, kadi orijinal au fotocopi ipo]"" ) 
{ tw.youth_data.current.last_name.value = tw.youth_data.current.youth_name_carte.value ; }

else if ( tw.youth_data.current.name_pulled_down.value !== null &amp;&amp; tw.youth_data.current.name_pulled_down.value !== ""Unknown"" ) 
{ tw.youth_data.current.last_name.value = tw.youth_data.current.name_pulled_down.value ; }

else if (tw.youth_data.current.has_carte_delecteur_present_calculation.value == ""True"")
{ tw.youth_data.current.last_name.value = tw.youth_data.current.youth_name_carte.value ; }

else if ( tw.youth_data.current.youth_carte_yes_no.value == ""Oui, pas vu [Ndio, haionekane]"" )
{ tw.youth_data.current.last_name.value = tw.youth_data.current.youth_name_from_youth.value ; }

else if ( tw.youth_data.current.has_youths_carte.value == ""Oui, mais le document n'est pas present [Ndio, kadi haionekani kwa sasa]""  || tw.youth_data.current.youth_carte_yes_no.value == ""Non [Hapana]""|| tw.youth_data.current.has_youths_carte.value == ""Non, le jeune ne possède pas une carte d'electeur [Hapana, kijana hana kadi ya kura]"" )
{ tw.youth_data.current.last_name.value = tw.youth_data.current.youth_name_from_youth.value ; }

else if ( tw.youth_data.current.youth_consent_yes_no.value == ""Non [Hapana]"" )
{ tw.youth_data.current.last_name.value = ""Unknown"" ;}

else { tw.youth_data.current.last_name.value = ""Unknown"" ;}",True,,a0R8Y00000qxoOGUAY,67,,True,a0e8Y00000IZYo5QAH,False,text-short
a0R8Y00000qxoBBUAY,birthdate,Birthdate - for Recipient Object,Calculation,"var d = new Date(0) ;

if (tw.youth_data.current.has_carte_delecteur_present_calculation.value == ""True"" )
{ tw.youth_data.current.birthdate.value = tw.youth_data.current.carte_dob.value ; }

else if (tw.youth_data.current.youth_carte_yes_no.value == ""Oui, pas vu [Ndio, haionekane]"" || tw.youth_data.current.youth_carte_yes_no.value == ""Non [Hapana]"" )
{ tw.youth_data.current.birthdate.value = tw.youth_data.current.dob_no_doc.value ; }

else { tw.youth_data.current.birthdate.value = d ;}",True,,a0R8Y00000qxoOGUAY,68,,True,a0e8Y00000IZYo5QAH,False,date-date
a0R8Y00000qxoBCUAY,execution_date,Execution Date (Youth) - for Survey Attempt Object,Calculation,tw.youth_data.current.execution_date.value = new Date();,True,,a0R8Y00000qxoOGUAY,74,,True,a0e8Y00000IZYo5QAH,False,date-datetime
a0R8Y00000qxoBDUAY,gdid_for_recipient_object,GDID - for Recipient Object,,,True,,a0R8Y00000qxoOGUAY,75,,True,a0e8Y00000IZYo5QAH,False,text-short
a0R8Y00000qxoBEUAY,geo_level_id,Geo Level ID - for Geo Level look-up,,,True,,a0R8Y00000qxoNkUAI,7,,True,a0e8Y00000IZYo5QAH,False,text-short
a0R8Y00000qxoBFUAY,refusing_reason_other,Veuillez décrire l'autre raison: [Tafadhali eleza sababu nyingine:],,,False,,a0R8Y00000qxoOGUAY,19,,True,a0e8Y00000IZYo5QAH,False,text-short
a0R8Y00000qxoBGUAY,youth_carte_no_reason,Veuillez decrire la raison pour laquelle les jeunes n'ont pas de carte d'électeur. [Tafadhali ingiza sababu bora ya vijana kwa nini hawana dafari ya kuchezea.],Validation,"var str = tw.youth_data.current.youth_carte_no_reason.value ; 
var length = str.length ; 
if (length &lt; 20) {throw ""Minimum 20 caractères. Veuillez entrer plus d'informations pour cette description. [Kiwango cha chini cha herufi 20. Tafadhali ingiza zaidi kwa maelezo haya.]"" ;}",False,,a0R8Y00000qxoOGUAY,22,,True,a0e8Y00000IZYo5QAH,False,text-short
a0R8Y00000qxoBHUAY,youth_name_carte,Veuillez saisir le nom complet du jeune tel qu'il figure sur la carte d'électeur: [Tafadhali ingiza majina kamili za vijana kama inavyoonyeshwa Kadi ya kupiga kura:],,,False,,a0R8Y00000qxoOGUAY,28,,True,a0e8Y00000IZYo5QAH,False,text-short
a0R8Y00000qxoBLUAY,dob_no_doc,Quelle est votre date de naissance? (JJMMAAAA) [Je! Tarehe yako ya kuzaliwa ni gani? (SSMMMMMM)],,,False,,a0R8Y00000qxoOGUAY,36,,True,a0e8Y00000IZYo5QAH,False,date-date
a0R8Y00000qxoBMUAY,photo_carte,PHOTO: [PICHA:],,,False,,a0R8Y00000qxoOGUAY,39,,True,a0e8Y00000IZYo5QAH,False,picture
a0R8Y00000qxoBNUAY,photo_youth,PHOTO: [PICHA:],,,False,,a0R8Y00000qxoOGUAY,43,,True,a0e8Y00000IZYo5QAH,False,picture
a0R8Y00000qxoBOUAY,phone_number_one,Quel est votre numéro de téléphone principal? [Namba yako ya kawaida ya simu ni nini?],Validation,"var tendigitRegex = /^0[8,9]{1}\d{8}$/ ; 
if (!tendigitRegex.test(tw.youth_data.current.phone_number_one.value)) {throw ""Le numéro de téléphone doit commencer par 08 ou 09 et être composé de 10 chiffres sans tirets, espaces ou autres caractères spéciaux. [Nambari ya simu inapaswa kuanza na 08 au 09 na kuwa na nambari 10 bila nukta, nafasi ya ku achanisha, au herufi nyingine maalum.]"" ; }",False,,a0R8Y00000qxoOGUAY,46,,True,a0e8Y00000IZYo5QAH,False,text-short
a0R8Y00000qxoBPUAY,phone_number_two,Quel est votre deuxième numéro de téléphone portable? [Namba yako ya simu ya pili ni nini?],Validation,"var tendigitRegex = /^0[8,9]{1}\d{8}$/ ; 
if (!tendigitRegex.test(tw.youth_data.current.phone_number_two.value)) {throw ""Le numéro de téléphone doit commencer par 08 ou 09 et être composé de 10 chiffres sans tirets, espaces ou autres caractères spéciaux. [Nambari ya simu inapaswa kuanza na 08 au 09 na kuwa na nambari 10 bila nukta, nafasi ya ku achanisha, au herufi nyingine maalum.]"" ; }


else if (tw.youth_data.current.phone_number_two.value == tw.youth_data.current.phone_number_one.value) {throw ""Ce téléphone doit être différent du numéro de téléphone principal! [Tafadhali ingiza tena namba ya pili ya simu ya mwongozi wako.]"" ;}",False,,a0R8Y00000qxoOGUAY,48,,True,a0e8Y00000IZYo5QAH,False,text-short
a0R8Y00000qxoBQUAY,phone_number_three,Quel est votre troisième numéro de téléphone mobile? [Namba yako ya tatu ya simu ni nini?],Validation,"var tendigitRegex = /^\d{10}$/ ; 
if (!tendigitRegex.test(tw.youth_data.current.phone_number_three.value)) {throw ""Le numéro de téléphone doit commencer par 08 ou 09 et être composé de 10 chiffres sans tirets, espaces ou autres caractères spéciaux. [Nambari ya simu inapaswa kuanza na 08 au 09 na kuwa na nambari 10 bila nukta, nafasi ya kuachanisha, nafasi, au herufi nyingine maalum.]"" ; }

else if (tw.youth_data.current.phone_number_three.value == tw.youth_data.current.phone_number_one.value) {throw ""Ce téléphone doit être différent du numéro de téléphone principal! [Tafadhali ingiza tena namba ya pili ya simu ya mwongozi wako.]"" ;}

else if (tw.youth_data.current.phone_number_three.value == tw.youth_data.current.phone_number_two.value) {throw ""Ce numéro de téléphone doit être différent du deuxième numéro de téléphone! [.............]"" ;}",False,,a0R8Y00000qxoOGUAY,50,,True,a0e8Y00000IZYo5QAH,False,text-short
a0R8Y00000qxoBRUAY,not_home_phone_num,Quel est le numéro de téléphone principal pour joindre ce jeune? [Nambari ya simu ya msingi ya kuwasiliana na kijana huyu ni ipi?],Validation,"var tendigitRegex =  /^0[8,9]{1}\d{8}$/ ;
if (!tendigitRegex.test(tw.youth_data.current.not_home_phone_num.value)) {throw ""Le numéro de téléphone doit commencer par 08 ou 09 et être composé de 10 chiffres sans tirets, espaces ou autres caractères spéciaux. [Nambari ya simu inapaswa kuanza na 08 au 09 na kuwa na nambari 10 bila nukta, nafasi ya ku achanisha, au herufi nyingine maalum.]"" ; }",False,,a0R8Y00000qxoOGUAY,53,,True,a0e8Y00000IZYo5QAH,False,text-short
a0R8Y00000qxoBSUAY,not_home_phone_sec,Quel est le deuxième numéro de téléphone pour joindre ce jeune? [Nambari gani ya simu ya sekondari ya kuwasiliana na kijana huyu?],Validation,"var tendigitRegex = /^0[8,9]{1}\d{8}$/  ;
if (!tendigitRegex.test(tw.youth_data.current.not_home_phone_sec.value)) {throw ""Le numéro de téléphone doit commencer par 08 ou 09 et être composé de 10 chiffres sans tirets, espaces ou autres caractères spéciaux. [Nambari ya simu inapaswa kuanza na 08 au 09 na kuwa na nambari 10 bila nukta, nafasi ya ku achanisha, au herufi nyingine maalum.]"" ; }

else if (tw.youth_data.current.not_home_phone_sec.value == tw.youth_data.current.not_home_phone_num.value) {throw ""Ce téléphone doit être différent du numéro de téléphone principal! [Tafadhali ingiza tena namba ya pili ya simu ya mwongozi wako.]"" ;}",False,,a0R8Y00000qxoOGUAY,57,,True,a0e8Y00000IZYo5QAH,False,text-short
a0R8Y00000qxoBTUAY,drcpsd_id,DRCPSD ID - for DRCPSD,,,True,,a0R8Y00000qxoOGUAY,76,,True,a0e8Y00000IZYo5QAH,False,text-short
a0R8Y00000qxoNkUAI,drill_down,Drill Down Fields,,,False,,,1,,False,a0e8Y00000IZYo5QAH,False,section
a0R8Y00000qxoNlUAI,province,Province,,,True,,a0R8Y00000qxoNkUAI,1,,True,a0e8Y00000IZYo5QAH,False,text-short
a0R8Y00000qxoNmUAI,city,City,,,True,,a0R8Y00000qxoNkUAI,2,,True,a0e8Y00000IZYo5QAH,False,text-short
a0R8Y00000qxoNnUAI,commune,commune,,,True,,a0R8Y00000qxoNkUAI,3,,True,a0e8Y00000IZYo5QAH,False,text-short
a0R8Y00000qxoNoUAI,quartier,Quartier,,,True,,a0R8Y00000qxoNkUAI,4,,True,a0e8Y00000IZYo5QAH,False,text-short
a0R8Y00000qxoNpUAI,avenue,Avenue,,,True,,a0R8Y00000qxoNkUAI,5,,True,a0e8Y00000IZYo5QAH,False,text-short
a0R8Y00000qxoNqUAI,subdivision,Subdivision,,,True,,a0R8Y00000qxoNkUAI,6,,True,a0e8Y00000IZYo5QAH,False,text-short
a0R8Y00000qxoNrUAI,token_number_pulled_down,Token Number - Pulled Down,,,True,,a0R8Y00000qxoNkUAI,8,,True,a0e8Y00000IZYo5QAH,False,text-short
a0R8Y00000qxoNsUAI,is_available_pulled_down,Is Available? - Pulled Down,,,True,,a0R8Y00000qxoNkUAI,9,,True,a0e8Y00000IZYo5QAH,False,text-short
a0R8Y00000qxoNtUAI,is_18_available_pulled_down,Is 18+ Available? - Pulled Down,,,True,,a0R8Y00000qxoNkUAI,10,,True,a0e8Y00000IZYo5QAH,False,text-short
a0R8Y00000qxoNuUAI,is_there_someone_else_18_pulled_down,Is There Someone Else 18+? - Pulled Down,,,True,,a0R8Y00000qxoNkUAI,11,,True,a0e8Y00000IZYo5QAH,False,text-short
a0R8Y00000qxoNvUAI,is_family_member_or_renter_pulled_down,Is Part of the Household? - Pulled Down,,,True,,a0R8Y00000qxoNkUAI,12,,True,a0e8Y00000IZYo5QAH,False,text-short
a0R8Y00000qxoNwUAI,has_youths_pulled_down,Has Youths? (Terminate) - Pulled Down,,,True,,a0R8Y00000qxoNkUAI,13,,True,a0e8Y00000IZYo5QAH,False,text-short
a0R8Y00000qxoNxUAI,house_description_pulled_down,House Description - Pulled Down,,,True,,a0R8Y00000qxoNkUAI,14,,True,a0e8Y00000IZYo5QAH,False,text-short
a0R8Y00000qxoNyUAI,number_of_youths_to_revisit_pulled_down,Number of Youths to Revisit - Pulled Down,,,True,,a0R8Y00000qxoNkUAI,15,,True,a0e8Y00000IZYo5QAH,False,text-short
a0R8Y00000qxoNzUAI,is_youth_yn_filled_pulled_down,Is Youth Y/N Filled - Pulled Down,,,True,,a0R8Y00000qxoNkUAI,16,,True,a0e8Y00000IZYo5QAH,False,text-short
a0R8Y00000qxoO0UAI,mairie_number_pulled_down,Mairie Number - Pulled Down,,,True,,a0R8Y00000qxoNkUAI,17,,True,a0e8Y00000IZYo5QAH,False,text-short
a0R8Y00000qxoO1UAI,household_survey_counter_pulled_down,Household Survey Counter - Pulled Down,,,True,,a0R8Y00000qxoNkUAI,18,,True,a0e8Y00000IZYo5QAH,False,text-short
a0R8Y00000qxoO2UAI,nah_revisit_workflow_pulled_down,NAH Revisit Workflow? - Pulled Down,,,True,,a0R8Y00000qxoNkUAI,19,,True,a0e8Y00000IZYo5QAH,False,text-short
a0R8Y00000qxoO3UAI,is_first_visit_nah_pulled_down,Is First Visit NAH? - Pulled Down,,,True,,a0R8Y00000qxoNkUAI,20,,True,a0e8Y00000IZYo5QAH,False,text-short
a0R8Y00000qxoO4UAI,calcul,Calcul... [Esabu...],,,False,"Veuillez procéder aux prochaines questions.

[Tafadhali endelea kwa maswali yanayofuata.]",a0R8Y00000qxoNkUAI,28,,False,a0e8Y00000IZYo5QAH,False,static-content
a0R8Y00000qxoO5UAI,locating_the_household,Localisation du ménage [Mahali ya nyumba],,,False,,,2,,False,a0e8Y00000IZYo5QAH,False,section
a0R8Y00000qxoO6UAI,calcul_esabu,Calcul... [Esabu...],,,False,"Veuillez procéder.

[Tafadhali endelea.]",a0R8Y00000qxoO5UAI,12,,False,a0e8Y00000IZYo5QAH,False,static-content
a0R8Y00000qxoO7UAI,participation_and_consent,Participation et consentement [Ushiriki na mapatano],,,False,,,3,,False,a0e8Y00000IZYo5QAH,False,section
a0R8Y00000qxoO8UAI,intro_description,LIRE À L'ENQUETE: [SOMA KUFANYA:],,,False,,a0R8Y00000qxoO7UAI,1,,False,a0e8Y00000IZYo5QAH,False,static-content
a0R8Y00000qxoO9UAI,calcul_esabu_1,Calcul... [Esabu...],,,False,,a0R8Y00000qxoO7UAI,4,,False,a0e8Y00000IZYo5QAH,False,static-content
a0R8Y00000qxoOAUAY,leave_early_goodbye,LIRE À L'ENQUETE: [SOMA KWA MUTU UNAYE MUSWALI:],,,False,"Je vous remercie de votre temps et votre accueil. Nous reviendrons dans la mesure où nous avons besoin d'information supplémentaire. Bonne journée.

[Asante kwa wakati wako, tutarudi kama tunahitaji habari zaidi.]",a0R8Y00000qxoO7UAI,12,,False,a0e8Y00000IZYo5QAH,False,static-content
a0R8Y00000qxoOBUAY,hh_presence,Présence des jeunes [Uwepo wa vijana],,,False,,,4,,False,a0e8Y00000IZYo5QAH,False,section
a0R8Y00000qxoOCUAY,hh_number_presence_instruct,Veuillez poser les questions suivantes à la personne qui a consenti à participer à cette enquête. [Tafadhali uliza maswali yafuatayo kwa mtu ambaye amekubali kushiriki kwenye utafiti huu.],,,False,,a0R8Y00000qxoOBUAY,1,,False,a0e8Y00000IZYo5QAH,False,static-content
a0R8Y00000qxoODUAY,calculating_youths,Calcul des jeunes [Hesabu ya vijana],,,False,,,5,,False,a0e8Y00000IZYo5QAH,False,section
a0R8Y00000qxoOEUAY,youths_not_in_census_calculation,Youths for Revisit - Calculation,Calculation,"var numIsBlank = tw.drill_down.number_of_youths_to_revisit_pulled_down.value === '' || tw.drill_down.number_of_youths_to_revisit_pulled_down.value  === null || tw.drill_down.number_of_youths_to_revisit_pulled_down.value === 'null' ;

if ( !numIsBlank ) { tw.calculating_youths.youths_not_in_census_calculation.value = parseInt( tw.drill_down.number_of_youths_to_revisit_pulled_down.value ) ; }

else { tw.calculating_youths.youths_not_in_census_calculation.value = parseInt( tw.hh_presence.youth_amt.value ) ; }",True,,a0R8Y00000qxoODUAY,1,,True,a0e8Y00000IZYo5QAH,False,number-integer
a0R8Y00000qxoOFUAY,calculating_2,Calcul... [Esabu...],,,False,"Veuillez procéder.

[Tafadhali endelea.]",a0R8Y00000qxoODUAY,2,,False,a0e8Y00000IZYo5QAH,False,static-content
a0R8Y00000qxoOGUAY,youth_data,Questionnaire aux jeunes [Ulizo juu ya vijana],,,False,,,6,a0R8Y00000qxoOEUAY,False,a0e8Y00000IZYo5QAH,False,repeat
a0R8Y00000qxoOHUAY,fo_youth_summary,Vous allez maintenant recueillir des informations sur le(s) jeune(s) dans ce ménage. [Sasa utakusanya habari kuhusu vijana katika familia hii.],Calculation,"var indInfoString = ""Il y a "" + tw.calculating_youths.youths_not_in_census_calculation.value + "" jeune(s) au total dans ce ménage à enquêter maintenant. Cette section va se repéter "" + tw.calculating_youths.youths_not_in_census_calculation.value + "" fois. [Wapo vijana "" + tw.calculating_youths.youths_not_in_census_calculation.value + "" katika nyumba hii. Hii sehemu ya utafiti ita rudiya mara "" + tw.calculating_youths.youths_not_in_census_calculation.value + "".]"" ; 

tw.youth_data.current.fo_youth_summary.value = indInfoString ;",False,,a0R8Y00000qxoOGUAY,1,,True,a0e8Y00000IZYo5QAH,False,text-short
a0R8Y00000qxoOIUAY,name_pulled_down,Last Name - Pulled Down,,,True,,a0R8Y00000qxoOGUAY,2,,True,a0e8Y00000IZYo5QAH,False,text-short
a0R8Y00000qxoOJUAY,calculating,Calcul... [Esabu...],,,False,"Veuillez procéder.

[Tafadhali endelea.]",a0R8Y00000qxoOGUAY,5,,False,a0e8Y00000IZYo5QAH,False,static-content
a0R8Y00000qxoOKUAY,show_youth_name,"Comme il s'agit d'une re-visite, assurez-vous de recueillir de l'information de ce jeune. Voir ci-dessous:",Calculation,"var indInfoString = ""Pour cette section, veuillez recueillir des renseignements sur le jeune avec le nom "" + tw.youth_data.current.name_pulled_down.value + ""."" ;

tw.youth_data.current.show_youth_name.value = indInfoString ;",False,,a0R8Y00000qxoOGUAY,6,,True,a0e8Y00000IZYo5QAH,False,text-short
a0R8Y00000qxoOLUAY,youth_name_is_unknown,"Comme il s'agit d'une re-visite, assurez-vous de recueillir de l'information de ce jeune. Voir ci-dessous:",,,False,"var indInfoString = ""Le nom de ce jeune est inconnu. Verifiez si vous n'êtes pas en train de prendre des informations sur des jeunes dont les noms sont déjà connus. [Jina la huyu kijana haijulikane. Angaliya tena listi ili usi chukue habari juu ya kijana ambaye anajulikana tayari]."" ;

tw.youth_data.current.youth_name_is_unknown.value = indInfoString ;",a0R8Y00000qxoOGUAY,7,,False,a0e8Y00000IZYo5QAH,False,static-content
a0R8Y00000qxoOMUAY,read_1,"Veuillez adresser les questions suivantes aux jeunes, si vous ne leur avez pas encore parler. [Tafadhali uliza maswali yafuatayo kwa vijana ikiwa hauya zugmza nao.]",,,False,"LIRE À L'ENQUETE:

Bonjour, je m'appelle (VOTRE NOM). Je suis un agent de terrain de ITM menant une enquête soutenue par USAID. Ces informations pourraient aider USAID à concevoir des projets potentiels qui aident les jeunes. Avant que nous puissons recueillir des informations, nous devons vous demander si vous êtes prêt à participer à l'enquête.

[SOMA KWA WAJIBU:

Jambo, jina langu ni [JINA LAKO]. Mimi ni mfanyakazi wa ITM na ninafanya uchunguzi kwa utafiti unaoungwa mkono na USAID. Ikiwezekana, habari hizi zitaweza saidia USAID kuunda miradi kwa kuwasaidiya vijana. Kabla ya kukusanya habari, lazima tuulize ikiwa uko tayari kushiriki kwenye uchunguzi huu.]",a0R8Y00000qxoOGUAY,15,,False,a0e8Y00000IZYo5QAH,False,static-content
a0R8Y00000qxoONUAY,read_2,LIRE À L'ENQUETE: [SOMA KWA MHUJIWA:],,,False,"PAR MA SIGNATURE, JE CONFIRME QUE J'AI LU OU REÇU L'INTERPRÉTATION DE CE QUI SUIT DANS UNE LANGUE QUE JE COMPRENDS LES TERMES ET CONDITIONS ci-dessous (Je me réserve le droit de me plaindre à ce sujet.).

Je comprends que le but de cette collecte est d'identifier les jeunes dans le ménage, et j'accorde aux enquêteurs de l'ITM et à leurs partenaires le droit d'utiliser les informations collectées aux fins qu'il détermine. Je suis conscient que ma participation à cette enquête est volontaire.

Je reconnais que j'ai été pleinement informé et que j'ai choisi de ne pas recevoir les conseils de l'avocat à cet égard. Je comprends que j'ai le droit de savoir avec qui ces données ont été partagées et/ou de demander que les informations me concernant soient modifiées ou supprimées bien que cela puisse invalider ma participation à un programme potentiel qui résulterait de ma participation.

[KWA SAHIHI (MUHURI) YANGU, NA HAKIKISHA KWAMBA NIMESOMA AO KUPATA UFAFANUZI WA YA FUATAYO KWA LUGHA AMBAYO NAYIELEWA NA MINA ELEWA SHERIA NA MASHARTI ZIFWATAZO (Nina ji katalia kwa uhakika kama sita lalamika juu ya hili).

Ninaelewa kuwa madhumuni ya mkusanyiko huu ni kubaini vijana katika nyumba, na ninawapa wachunguzi wa USAID haki yao ya kutumia habari iliyokusanywa kwa sababu inayoamua. Ninajua kuwa ushiriki wangu katika utafiti huu ni wa hiari.
 
Ninakiri kuwa nimeelimishwa kikamilifu na kwamba nimechagua kutopokea ushauri kutoka kwa wakili kuhusu suala hili. Ninaelewa kuwa nina haki ya kujua nani data hii imeshirikiwa na / au kuomba habari hiyo juu yangu ibadilishwe au kufutwa ingawa hii inaweza kudhalilisha ushiriki wangu katika mpango unaoweza kutokea ambao utatokana na ushiriki wangu.]",a0R8Y00000qxoOGUAY,17,,False,a0e8Y00000IZYo5QAH,False,static-content
a0R8Y00000qxoOOUAY,calcul_1,Calcul... [Esabu...],,,False,"Veuillez procéder aux prochaines questions.

[Tafadhali endelea kwa maswali yanayofuata.]",a0R8Y00000qxoOGUAY,26,,False,a0e8Y00000IZYo5QAH,False,static-content
a0R8Y00000qxoOPUAY,youth_name_carte_reentry,Veuillez ressaisir le nom complet du jeune tel qu'il figure sur la carte d'électeur: [Tafadhali ingiza tena jina kamili la vijana kama inavyoonyeshwa kwenye Kadi ya kupiga kura:],Validation,"if(tw.youth_data.current.youth_name_carte_reentry.value !== tw.youth_data.current.youth_name_carte.value) {throw ""Ce nom ne correspond pas au nom que vous venez d'entrer! [Jina hili halihusiani na jina uliloingiza sasa hivi!]"" ; }",False,,a0R8Y00000qxoOGUAY,29,,True,a0e8Y00000IZYo5QAH,False,text-short
a0R8Y00000qxoBIUAY,carte_dob,Veuillez saisir la date de naissance telle qu'elle figure sur la carte d'électeur (JJMMAAAA): [Tafadhali ingiza tarehe ya kuzaliwa kama inavyoonyeshwa kwenye Kadi ya kupiga kura (carte d'electeur) (SSMMMMMM):],,,False,,a0R8Y00000qxoOGUAY,30,,True,a0e8Y00000IZYo5QAH,False,date-date
a0R8Y00000qxoBJUAY,carte_num,Veuillez saisir le numéro de la carte d'électeur: [Tafadhali ingiza namba ya kadi ya uchaguzi (carte d’électeur):],Validation,"var tendigitRegex = /^\d{11}$/ ; 
if (!tendigitRegex.test(tw.youth_data.current.carte_num.value)) {throw ""La carte d’électeur devrait contenir 11 chiffres sans tirets, espaces, ou autres caractères spéciaux. [Nambari ya kadi ya uchaguzi inapashwa kuwa na namba 11 bila nukta, nafasi ya kuunganisha maneno (espace), ao zengine miandiko za ki pekee.]"" ; }",False,,a0R8Y00000qxoOGUAY,32,,True,a0e8Y00000IZYo5QAH,False,text-short
a0R8Y00000qxoBKUAY,youth_name_from_youth,Comment s'appelle ce jeune? [Jina la kijana huyu ni gani?],,,False,,a0R8Y00000qxoOGUAY,34,,True,a0e8Y00000IZYo5QAH,False,text-short
a0R8Y00000qxoOQUAY,carte_dob_reentry,Veuillez ressaisir la date de naissance telle qu'elle figure sur la carte d'électeur (JJMMAAAA): [Tafadhali ingiza tena tarehe ya kuzaliwa kama inavyoonyeshwa kwenye Kadi ya kupiga kura (carte d’electeur) (SSMMMMMM):],Validation,"var d1 = new Date(tw.youth_data.current.carte_dob_reentry.value) ; 
var d2 = new Date(tw.youth_data.current.carte_dob.value) ; 

if ( d1.getFullYear() !== d2.getFullYear() ) {throw ""Cette année ne correspond pas à l'année que vous avez sasie! [Mwaka huu sio sawa na mwaka ambao ume ingiza sasa hivi!]"" ;}
else if ( d1.getMonth() !== d2.getMonth() ) {throw ""Ce mois ne correspond pas au mois que vous avez saisie! [Mwezi huu hailingani na mwezi ulioingiza sasa hivi!]"" ;}
else if ( d1.getDate() !== d2.getDate() ) {throw ""Cette date ne correspond pas à la date que vous avez saisie! [Tarehe hii hailingani na tarehe ambayo umeingiza sasa hivi!]"" ;}",False,,a0R8Y00000qxoOGUAY,31,,True,a0e8Y00000IZYo5QAH,False,date-date
a0R8Y00000qxoORUAY,carte_num_reentry,Veuillez ressaisir le numéro de la carte d'électeur: [Tafadhali ingiza tena namba ya carte d'electeur:],Validation,"if(tw.youth_data.current.carte_num_reentry.value !== tw.youth_data.current.carte_num.value) {throw ""Ce numéro ne correspond pas à celui que vous venez d'entrer! [Nambari hii hailingani na nambari uliyoingia hivi karibuni!]"" ; }",False,,a0R8Y00000qxoOGUAY,33,,True,a0e8Y00000IZYo5QAH,False,text-short
a0R8Y00000qxoOSUAY,youth_name_from_youth_reentry,"Veuillez ressaisir le nom complet du jeune: [Tafadhali, andika tena jina zote za kijana:]",Validation,"if ( tw.youth_data.current.youth_name_from_youth_reentry.value !== tw.youth_data.current.youth_name_from_youth.value ) { throw ""Ce nom ne correspond pas au nom que vous venez d'entrer! [Jina hili halihusiani na jina uliloingiza sasa hivi!]"" ; }",False,,a0R8Y00000qxoOGUAY,35,,True,a0e8Y00000IZYo5QAH,False,text-short
a0R8Y00000qxoOTUAY,dob_no_doc_reentry,Veuillez ressaisir la date de naissance du jeune (JJMMAAAA): [Tafadhali ingiza tena tarehe ya kuzaliwa ya vijana (SSMMMMMM)]:,Validation,"var d1 = new Date(tw.youth_data.current.dob_no_doc_reentry.value) ; 
var d2 = new Date(tw.youth_data.current.dob_no_doc.value) ; 

if ( d1.getFullYear() !== d2.getFullYear() ) {throw ""Cette année ne correspond pas à l'année que vous avez saisie! [Mwaka huu sio sawa na mwaka ambao ume ingiza sasa hivi!]"" ;}
else if ( d1.getMonth() !== d2.getMonth() ) {throw ""Ce mois ne correspond pas au mois que vous avez saisie! [Mwezi huu hailingani na mwezi ulioingiza sasa hivi!]"" ;}
else if ( d1.getDate() !== d2.getDate() ) {throw ""Cette date ne correspond pas à la date que vous avez saisie! [Tarehe hii hailingani na tarehe ambayo umeingiza sasa hivi!]"" ;}",False,,a0R8Y00000qxoOGUAY,37,,True,a0e8Y00000IZYo5QAH,False,date-date
a0R8Y00000qxoOUUAY,phone_number_one_reentry,Veuillez ressaisir le numéro de téléphone portable principal: [Tafadhali ingiza tena nambari kawaida ya simu:],Validation,"if(tw.youth_data.current.phone_number_one_reentry.value != tw.youth_data.current.phone_number_one.value) {throw ""Ce numéro de téléphone ne correspond pas à celui que vous venez d'entrer! [Tafadhali ingiza tena namba ya pili ya simu ya mwongozi wako.]"" ; }",False,,a0R8Y00000qxoOGUAY,47,,True,a0e8Y00000IZYo5QAH,False,text-short
a0R8Y00000qxoOVUAY,phone_number_two_reentry,Veuillez ressaisir le deuxième numéro de téléphone portable: [Tafadhali ingiza tena nambari ya simu ya pili:],Validation,"if(tw.youth_data.current.phone_number_two_reentry.value != tw.youth_data.current.phone_number_two.value) {throw ""Ce numéro de téléphone ne correspond pas à celui que vous venez d'entrer! [Tafadhali ingiza tena namba ya pili ya simu ya mwongozi wako.]"" ; }",False,,a0R8Y00000qxoOGUAY,49,,True,a0e8Y00000IZYo5QAH,False,text-short
a0R8Y00000qxoOWUAY,phone_number_three_entry,Veuillez ressaisir le troisième numéro de téléphone portable: [Tafadhali ingiza tena nambari ya simu ya rununu ya tatu:],Validation,"if(tw.youth_data.current.phone_number_three_entry.value != tw.youth_data.current.phone_number_three.value) {throw ""Ce numéro de téléphone ne correspond pas à celui que vous venez d'entrer! [Tafadhali ingiza tena namba ya pili ya simu ya mwongozi wako.]"" ; }",False,,a0R8Y00000qxoOGUAY,51,,True,a0e8Y00000IZYo5QAH,False,text-short
a0R8Y00000qxoOXUAY,not_home_phone_num_reentry,Veuillez ressaisir le numéro de téléphone portable principal: [Tafadhali ingiza tena nambari ya simu ya rununu ya msingi:],Validation,"if(tw.youth_data.current.not_home_phone_num_reentry.value != tw.youth_data.current.not_home_phone_num.value) 
{throw ""Ce numéro de téléphone ne correspond pas à celui que vous venez d'entrer! [Tafadhali ingiza tena namba ya pili ya simu ya mwongozi wako.]"" ; }",False,,a0R8Y00000qxoOGUAY,54,,True,a0e8Y00000IZYo5QAH,False,text-short
a0R8Y00000qxoOYUAY,not_home_phone_sec_reentry,Veuillez ressaisir le deuxième numéro de téléphone: [Tafadhali ingiza tena nambari ya simu ya pili:],Validation,"if(tw.youth_data.current.not_home_phone_sec_reentry.value != tw.youth_data.current.not_home_phone_sec.value) 
{throw ""Ce numéro de téléphone ne correspond pas à celui que vous venez d'entrer! [Tafadhali ingiza tena namba ya pili ya simu ya mwongozi wako.]"" ; }",False,,a0R8Y00000qxoOGUAY,58,,True,a0e8Y00000IZYo5QAH,False,text-short
a0R8Y00000qxoOZUAY,calculating_relocation,Calcul de la relocalisation [Hesabu ya kuhamishwa],,,False,,,7,,False,a0e8Y00000IZYo5QAH,False,section
a0R8Y00000qxoOaUAI,calcul_esabu_2,Calcul... [Esabu...],,,False,"Veuillez procéder.

[Tafadhali endelea.]",a0R8Y00000qxoOZUAY,5,,False,a0e8Y00000IZYo5QAH,False,static-content
a0R8Y00000qxoOeUAI,calcul_esabu_4,Calcul... [Esabu...],,,False,"Veuillez procéder aux prochaines questions.

[Tafadhali endelea kwa maswali yanayofuata.]",a0R8Y00000qxoOdUAI,3,,False,a0e8Y00000IZYo5QAH,False,static-content
a0R8Y00000qxoObUAI,relocating,Relocalisation des jeunes [ Kupata kijana kwa upya],,,False,,,8,,False,a0e8Y00000IZYo5QAH,False,section
a0R8Y00000qxoOcUAI,questions_resp,Veuillez adresser les questions suivantes à l’enquêté qui a accepté de répondre à vos questions: [Tafadhali eleza maswali yafuatayo kwa mhojiwa aliye kubali kujibu maswali zako:],,,False,"Si vous avez parlé à plusieurs personnes qui ont donné leur consentement, veuillez continuer à parler à toutes les personnes avec qui vous vous êtes entretenu récemment.

[Ikiwa umezungumza na watu wengi ambao walio ongesha wamekubali, tafadhali endelea kuongea na watu wote amboa uliongeya nawo toka muda mfupi.]",a0R8Y00000qxoObUAI,1,,False,a0e8Y00000IZYo5QAH,False,static-content
a0R8Y00000qxoOdUAI,relocating_hh,Relocalisation du ménage [Kupata nyumba kwa upya],,,False,,,9,,False,a0e8Y00000IZYo5QAH,False,section
a0R8Y00000qxoOfUAI,token,Veuillez inscrire le numéro d’identification généré automatiquement sur la porte du ménage. [Tafadhali hakikisha kwamba umeandika namba ya kwenye mlango.],Calculation,tw.relocating_hh.token.value = tw.locating_the_household.token_number.value ;,False,,a0R8Y00000qxoOdUAI,4,,True,a0e8Y00000IZYo5QAH,False,text-short
a0R8Y00000qxoOgUAI,token_flyer_3,"Prière d’écrire le numéro d’identification généré automatiquement sur le dépliant et laissez le dépliant auprès de l'enquêté. [Tafadhali, andika namba ya kitambisho ya nyumba juu ya karatasi ya habari kama tulipita kwenye nyumba kisha uiwaachie.]",Calculation,tw.relocating_hh.token_flyer_3.value = tw.locating_the_household.token_number.value ;,False,,a0R8Y00000qxoOdUAI,5,,True,a0e8Y00000IZYo5QAH,False,text-short
a0R8Y00000qxoOhUAI,read_4,LIRE À L'ENQUETE: [SOMA KUFANYA:],,,False,"Ce sondage est maintenant terminé. Merci beaucoup de votre temps et de votre participation à ce sondage!

[Utafiti huu umekamilika. Asante sana kwa wakati wako na ushiriki katika utafiti huu!]",a0R8Y00000qxoOdUAI,10,,False,a0e8Y00000IZYo5QAH,False,static-content
a0R8Y00000qxoOiUAI,fraud_detection,Detection de fraude [Ugunduzi wa udanganyifu],,,False,,,10,,False,a0e8Y00000IZYo5QAH,False,section
a0R8Y00000qxoOjUAI,questions_fo,Veuillez répondre par vous-même aux questions suivantes. [Tafadhali jibu binafsi maswali yafuatayo.],,,False,,a0R8Y00000qxoOiUAI,2,,False,a0e8Y00000IZYo5QAH,False,static-content
a0R8Y00000qxoOkUAI,conclusion,Conclusion [Mwisho],,,False,,,11,,False,a0e8Y00000IZYo5QAH,False,section
a0R8Y00000qxoOlUAI,calcul_esabu_3,Calcul... [Esabu...],,,False,"Veuillez procéder aux prochaines questions.

[Tafadhali endelea kwa maswali yanayofuata.]",a0R8Y00000qxoOkUAI,6,,False,a0e8Y00000IZYo5QAH,False,static-content
a0R8Y00000qxoOmUAI,mairie_num_reentry,Veuillez ressaisir le numéro de maison attribué par la mairie: [Tafadhali ingiza tena nambari ya nyumba uliyopewa na ukumbi wa jiji:],Validation,"if(tw.conclusion.mairie_num_reentry.value != tw.conclusion.mairie_num.value) 
{throw ""Ce numéro de mairie ne correspond pas à celui du numero de la mairie que vous venez d'entrer! [Nambari hii ya ukumbi wa jiji hailingani na nambari ya ukumbi wa jiji iliyoingia tu!]"" ; }",False,,a0R8Y00000qxoOkUAI,10,,True,a0e8Y00000IZYo5QAH,False,text-short
a0R8Y00000qxoOnUAI,other_num_ind_reentry,Veuillez ressaisir le numéro de maison qui n'a pas été attribué par la mairie: [Tafadhali ingiza tena namba ya nyumba iliyo tolewa na mamlaka tafauti:],Validation,"if(tw.conclusion.other_num_ind_reentry.value != tw.conclusion.other_num_ind_entry.value) 
{throw ""Ce numéro ne correspond pas à celui que vous venez d'entrer! [Nambari hii hailingani na nambari uliyoingia hivi karibuni!]"" ; }",False,,a0R8Y00000qxoOkUAI,15,,True,a0e8Y00000IZYo5QAH,False,text-short
